SET FOREIGN_KEY_CHECKS=0;
INSERT INTO `admins` (id, created_at, first_name, last_name, email, password) VALUES (1,'2017-03-25 02:17:06','Aina','Jesulayomi','jesulayomi@schub.com','ajpwd'),(2,'2017-03-25 02:17:06','Iwelumo','Samuel','samuel@schub.com','ispwd'),(3,'2017-03-25 02:17:06','Onome','Emiline','emiline@schubcom','oepwd');
INSERT INTO `departments` (name, id, created_at) VALUES (1,'Aeronautics and Astronautics','2017-03-25 02:17:06'),(2,'Anthropology','2017-03-25 02:17:06'),(3,'Architecture','2017-03-25 02:17:06'),(4,'Biological Engineering','2017-03-25 02:17:06'),(5,'Biology','2017-03-25 02:17:06'),(6,'Brain and Cognitive Sciences','2017-03-25 02:17:06'),(7,'Chemical Engineering','2017-03-25 02:17:06'),(8,'Chemistry','2017-03-25 02:17:06'),(9,'Civil and Environmental Engineering','2017-03-25 02:17:06'),(10,'Comparative Media Studies/Writing','2017-03-25 02:17:06'),(11,'Earth, and Planetary Sciences','2017-03-25 02:17:06'),(12,'Economics','2017-03-25 02:17:06'),(13,'Electrical Engineering and Computer Science','2017-03-25 02:17:06'),(14,'Experimental Study Group','2017-03-25 02:17:06'),(15,'Global Studies and Languages','2017-03-25 02:17:06'),(16,'Health Sciences and Technology','2017-03-25 02:17:06'),(17,'History','2017-03-25 02:17:06'),(18,'Linguistics and Philosophy','2017-03-25 02:17:06'),(19,'Literature','2017-03-25 02:17:06'),(20,'Materials Science and Engineering','2017-03-25 02:17:06'),(21,'Mathematics','2017-03-25 02:17:06'),(22,'Mechanical Engineering','2017-03-25 02:17:06'),(23,'Media Arts and Sciences','2017-03-25 02:17:06'),(24,'Music and Theater Arts','2017-03-25 02:17:06'),(25,'Nuclear Science and Engineering','2017-03-25 02:17:06'),(26,'Physics','2017-03-25 02:17:06'),(27,'Political Science','2017-03-25 02:17:06'),(28,'Science, Technology, and Society','2017-03-25 02:17:06'),(29,'Urban Studies and Planning','2017-03-25 02:17:06'),(30,'Computer Science','2017-03-25 02:17:06');
INSERT INTO `teachers` (department_id, id, created_at, first_name, last_name, email, password) VALUES (6,2,'2017-03-25 02:17:06','NORRIN','DANYAR','NORRIND6@schub.com','NORRIND6pwd'),(2,3,'2017-03-25 02:17:06','LARIS','JACKSON-GRANT','LARISJ2@schub.com','LARISJ2pwd'),(10,4,'2017-03-25 02:17:06','GRAEME-JAMES','CONSTADINOS','GRAEME-JAMESC10@schub.com','GRAEME-JAMESC10pwd'),(6,5,'2017-03-25 02:17:06','KAHNEIL','LUCIAN-BAILEY','KAHNEILL6@schub.com','KAHNEILL6pwd'),(1,6,'2017-03-25 02:17:06','BARTOLOMEO','ELISA','BARTOLOMEOE1@schub.com','BARTOLOMEOE1pwd'),(14,7,'2017-03-25 02:17:06','TIARE','KILISI','TIAREK14@schub.com','TIAREK14pwd'),(21,8,'2017-03-25 02:17:06','ILGVARS','RAVINESH','ILGVARSR21@schub.com','ILGVARSR21pwd'),(11,9,'2017-03-25 02:17:06','GIOCONDO','RAVEE','GIOCONDOR11@schub.com','GIOCONDOR11pwd'),(23,10,'2017-03-25 02:17:06','OLIVERS','LORRAINE','OLIVERSL23@schub.com','OLIVERSL23pwd'),(20,11,'2017-03-25 02:17:06','PAHUL','TESLOACH','PAHULT20@schub.com','PAHULT20pwd'),(18,12,'2017-03-25 02:17:06','JEMMIE','IRVINE','JEMMIEI18@schub.com','JEMMIEI18pwd'),(27,13,'2017-03-25 02:17:06','MAZI','AADIL','MAZIA27@schub.com','MAZIA27pwd'),(27,14,'2017-03-25 02:17:06','DEKOTA','THEOHARIS','DEKOTAT27@schub.com','DEKOTAT27pwd'),(26,15,'2017-03-25 02:17:06','MELVEN','DARRAL','MELVEND26@schub.com','MELVEND26pwd'),(19,16,'2017-03-25 02:17:06','DJUMA','RINALDO','DJUMAR19@schub.com','DJUMAR19pwd'),(11,17,'2017-03-25 02:17:06','KENZIE','TAKSH','KENZIET11@schub.com','KENZIET11pwd'),(11,18,'2017-03-25 02:17:06','JEREMIAH','COAN','JEREMIAHC11@schub.com','JEREMIAHC11pwd'),(20,19,'2017-03-25 02:17:06','JOSHUA-ADAM','SOTIRIS','JOSHUA-ADAMS20@schub.com','JOSHUA-ADAMS20pwd'),(29,20,'2017-03-25 02:17:06','LEEVI-JAMES','NEUTON','LEEVI-JAMESN29@schub.com','LEEVI-JAMESN29pwd'),(18,21,'2017-03-25 02:17:06','MICHELINO','BIENFAIT','MICHELINOB18@schub.com','MICHELINOB18pwd'),(2,22,'2017-03-25 02:17:06','JAPJEET','WASSIM','JAPJEETW2@schub.com','JAPJEETW2pwd'),(10,23,'2017-03-25 02:17:06','JETTARIN','SUHAIB','JETTARINS10@schub.com','JETTARINS10pwd'),(25,24,'2017-03-25 02:17:06','PELOPIDAS','LIZETTE','PELOPIDASL25@schub.com','PELOPIDASL25pwd'),(1,25,'2017-03-25 02:17:06','FLAME','DYNA','FLAMED1@schub.com','FLAMED1pwd'),(11,26,'2017-03-25 02:17:06','YUGEETH','BOURNEART','YUGEETHB11@schub.com','YUGEETHB11pwd'),(16,27,'2017-03-25 02:17:06','MAX-SHINGO','TEIGUE','MAX-SHINGOT16@schub.com','MAX-SHINGOT16pwd'),(17,28,'2017-03-25 02:17:06','SWEN','ZEFFERINO','SWENZ17@schub.com','SWENZ17pwd'),(27,29,'2017-03-25 02:17:06','LAURENT','TYRENE','LAURENTT27@schub.com','LAURENTT27pwd'),(20,30,'2017-03-25 02:17:06','KOHBI','SAWYER','KOHBIS20@schub.com','KOHBIS20pwd'),(26,31,'2017-03-25 02:17:06','RHYTHM','RACHELLE','RHYTHMR26@schub.com','RHYTHMR26pwd'),(26,32,'2017-03-25 02:17:06','MARISA','JERRY-ERNEST-ANTHONY','MARISAJ26@schub.com','MARISAJ26pwd'),(3,33,'2017-03-25 02:17:06','WILLMEN','NICHOLAOS','WILLMENN3@schub.com','WILLMENN3pwd'),(6,34,'2017-03-25 02:17:06','BRADAN','LEXIS','BRADANL6@schub.com','BRADANL6pwd'),(17,35,'2017-03-25 02:17:06','TUAN','NARONG','TUANN17@schub.com','TUANN17pwd'),(15,36,'2017-03-25 02:17:06','GIUSEPPA','WOUTER','GIUSEPPAW15@schub.com','GIUSEPPAW15pwd'),(13,37,'2017-03-25 02:17:06','CARMINE','BRAE','CARMINEB13@schub.com','CARMINEB13pwd'),(7,38,'2017-03-25 02:17:06','ABDALAH','YIJIE','ABDALAHY7@schub.com','ABDALAHY7pwd'),(13,39,'2017-03-25 02:17:06','METHUL','BRONTYN','METHULB13@schub.com','METHULB13pwd'),(1,40,'2017-03-25 02:17:06','FULVIO','CRISTOPHER','FULVIOC1@schub.com','FULVIOC1pwd'),(13,41,'2017-03-25 02:17:06','KAIYU','TYRAN','KAIYUT13@schub.com','KAIYUT13pwd'),(23,42,'2017-03-25 02:17:06','KIRAN','DUT','KIRAND23@schub.com','KIRAND23pwd'),(13,43,'2017-03-25 02:17:06','JY','RITO','JYR13@schub.com','JYR13pwd'),(3,44,'2017-03-25 02:17:06','ELTEN','TARNELL','ELTENT3@schub.com','ELTENT3pwd'),(22,45,'2017-03-25 02:17:06','ASAD','GIM','ASADG22@schub.com','ASADG22pwd'),(23,46,'2017-03-25 02:17:06','SATYAN','PANTELLIS','SATYANP23@schub.com','SATYANP23pwd'),(21,47,'2017-03-25 02:17:06','HUXLEY','SERJIO','HUXLEYS21@schub.com','HUXLEYS21pwd'),(27,48,'2017-03-25 02:17:06','PANFILIO','FAITH','PANFILIOF27@schub.com','PANFILIOF27pwd'),(21,49,'2017-03-25 02:17:06','WIENDELD','RAIMOND','WIENDELDR21@schub.com','WIENDELDR21pwd'),(1,50,'2017-03-25 02:17:06','NESTORAS','JHYRELLE','NESTORASJ1@schub.com','NESTORASJ1pwd'),(13,51,'2017-03-25 02:17:06','STANLEIGH','TSAMBIKOS','STANLEIGHT13@schub.com','STANLEIGHT13pwd'),(6,52,'2017-03-25 02:17:06','JULIA','PROCOPPIO','JULIAP6@schub.com','JULIAP6pwd'),(15,53,'2017-03-25 02:17:06','ZAXTON','DREJ','ZAXTOND15@schub.com','ZAXTOND15pwd'),(18,54,'2017-03-25 02:17:06','GALUAK','MIKLOS','GALUAKM18@schub.com','GALUAKM18pwd'),(8,55,'2017-03-25 02:17:06','LEAVI','ALLEINE','LEAVIA8@schub.com','LEAVIA8pwd'),(8,56,'2017-03-25 02:17:06','JASHANDEEP','SHAUGHN','JASHANDEEPS8@schub.com','JASHANDEEPS8pwd'),(17,57,'2017-03-25 02:17:06','SOMDEO','DALEY','SOMDEOD17@schub.com','SOMDEOD17pwd'),(22,58,'2017-03-25 02:17:06','JAKODA','AVIKRIT','JAKODAA22@schub.com','JAKODAA22pwd'),(1,59,'2017-03-25 02:17:06','VLADAMIRE','LEMIAH','VLADAMIREL1@schub.com','VLADAMIREL1pwd'),(26,60,'2017-03-25 02:17:06','YAVAR','RAMUNAS','YAVARR26@schub.com','YAVARR26pwd'),(25,61,'2017-03-25 02:17:06','ELIO','ZAQUIN','ELIOZ25@schub.com','ELIOZ25pwd'),(23,62,'2017-03-25 02:17:06','ILLYA','RAHAO','ILLYAR23@schub.com','ILLYAR23pwd'),(12,63,'2017-03-25 02:17:06','KLAYE','AEDANN','KLAYEA12@schub.com','KLAYEA12pwd'),(14,64,'2017-03-25 02:17:06','DILRAJVEER','ROBBINSON','DILRAJVEERR14@schub.com','DILRAJVEERR14pwd'),(10,65,'2017-03-25 02:17:06','GWIDON','CONSTANTINUS','GWIDONC10@schub.com','GWIDONC10pwd'),(8,66,'2017-03-25 02:17:06','SAXSON','PHYLLIP','SAXSONP8@schub.com','SAXSONP8pwd'),(7,67,'2017-03-25 02:17:06','DATAGNIAN','LYNNETTE','DATAGNIANL7@schub.com','DATAGNIANL7pwd'),(4,68,'2017-03-25 02:17:06','ARLI','CLAUDY','ARLIC4@schub.com','ARLIC4pwd'),(7,69,'2017-03-25 02:17:06','GIAVANNI','JAMESON','GIAVANNIJ7@schub.com','GIAVANNIJ7pwd'),(15,70,'2017-03-25 02:17:06','FRANSCESCO','TERRENCE','FRANSCESCOT15@schub.com','FRANSCESCOT15pwd'),(22,71,'2017-03-25 02:17:06','SANFORD','MANROVEN','SANFORDM22@schub.com','SANFORDM22pwd'),(24,72,'2017-03-25 02:17:06','MANOUSOS','FRANCISO','MANOUSOSF24@schub.com','MANOUSOSF24pwd'),(28,73,'2017-03-25 02:17:06','MAYOORAN','BOSTIAN','MAYOORANB28@schub.com','MAYOORANB28pwd'),(22,74,'2017-03-25 02:17:06','PIERR','RANA','PIERRR22@schub.com','PIERRR22pwd'),(27,75,'2017-03-25 02:17:06','ELIJIAH','CHIP','ELIJIAHC27@schub.com','ELIJIAHC27pwd'),(14,76,'2017-03-25 02:17:06','RYNE','DENZIL','RYNED14@schub.com','RYNED14pwd'),(18,77,'2017-03-25 02:17:06','AVANTIKA','CONNIE-ANTHONY','AVANTIKAC18@schub.com','AVANTIKAC18pwd'),(15,78,'2017-03-25 02:17:06','MINH-KHOI','PANAYI','MINH-KHOIP15@schub.com','MINH-KHOIP15pwd'),(10,79,'2017-03-25 02:17:06','MASIEH','ADAMANTIOS','MASIEHA10@schub.com','MASIEHA10pwd'),(4,80,'2017-03-25 02:17:06','DELAN','MAJEED','DELANM4@schub.com','DELANM4pwd'),(15,81,'2017-03-25 02:17:06','ANUBHAV','TOUTAI','ANUBHAVT15@schub.com','ANUBHAVT15pwd'),(29,82,'2017-03-25 02:17:06','BURNIE','ATHANASE','BURNIEA29@schub.com','BURNIEA29pwd'),(12,83,'2017-03-25 02:17:06','DISEA','MENELAOS','DISEAM12@schub.com','DISEAM12pwd'),(4,84,'2017-03-25 02:17:06','TABE','INGOLF','TABEI4@schub.com','TABEI4pwd'),(20,85,'2017-03-25 02:17:06','MAN','BLAIDIN','MANB20@schub.com','MANB20pwd'),(17,86,'2017-03-25 02:17:06','NABHYA','AGELIS','NABHYAA17@schub.com','NABHYAA17pwd'),(13,87,'2017-03-25 02:17:06','VRASIDAS','MAY','VRASIDASM13@schub.com','VRASIDASM13pwd'),(5,88,'2017-03-25 02:17:06','CONCEZIO','TREVAHN','CONCEZIOT5@schub.com','CONCEZIOT5pwd'),(26,89,'2017-03-25 02:17:06','LAMINE','SUNDARRA','LAMINES26@schub.com','LAMINES26pwd'),(24,90,'2017-03-25 02:17:06','NGUYEN-THUAN','LOUNG','NGUYEN-THUANL24@schub.com','NGUYEN-THUANL24pwd'),(17,91,'2017-03-25 02:17:06','HAKIM','NICKOLAS-GEORGE','HAKIMN17@schub.com','HAKIMN17pwd'),(17,92,'2017-03-25 02:17:06','HAOFENG','TIMM','HAOFENGT17@schub.com','HAOFENGT17pwd'),(29,93,'2017-03-25 02:17:06','GEREDD','TORQUIL','GEREDDT29@schub.com','GEREDDT29pwd'),(26,94,'2017-03-25 02:17:06','OLIVAR','BLYTHE','OLIVARB26@schub.com','OLIVARB26pwd'),(9,95,'2017-03-25 02:17:06','LEELAND','BESHARA','LEELANDB9@schub.com','LEELANDB9pwd'),(17,96,'2017-03-25 02:17:06','JAQUAN','ONDREJ','JAQUANO17@schub.com','JAQUANO17pwd'),(27,97,'2017-03-25 02:17:06','AZZEDINE','SIHARK','AZZEDINES27@schub.com','AZZEDINES27pwd'),(6,98,'2017-03-25 02:17:06','REMIGIO','CLAUDE','REMIGIOC6@schub.com','REMIGIOC6pwd'),(11,99,'2017-03-25 02:17:06','LUCAIS','SPENCE','LUCAISS11@schub.com','LUCAISS11pwd'),(15,100,'2017-03-25 02:17:06','LOUKA','MITCHLEY','LOUKAM15@schub.com','LOUKAM15pwd'),(1,101,'2017-03-25 02:17:06','RUPANUGA','LAURRIE','RUPANUGAL1@schub.com','RUPANUGAL1pwd');
INSERT INTO `courses` (name, level, department_id, teacher_id, id, created_at) VALUES ('Mathematics for  Aeronautics and Astronautics',1,1,21,'11MathematicsAeronauticsAstronautics','2017-03-25 02:17:06'),('English for Aeronautics and Astronautics',1,1,52,'11EnglishAeronauticsAstronautics','2017-03-25 02:17:06'),('Basics for Aeronautics and Astronautics',2,1,85,'21BasicsAeronauticsAstronautics','2017-03-25 02:17:06'),('Advanced topics for Aeronautics and Astronautics',3,1,30,'31AdvancedtopicsAeronauticsAstronautics','2017-03-25 02:17:06'),('Specialization for Aeronautics and Astronautics',4,1,98,'41SpecializationAeronauticsAstronautics','2017-03-25 02:17:06'),('Mathematics for  Anthropology',1,2,71,'12MathematicsAnthropology','2017-03-25 02:17:06'),('English for Anthropology',1,2,82,'12EnglishAnthropology','2017-03-25 02:17:06'),('Basics for Anthropology',2,2,33,'22BasicsAnthropology','2017-03-25 02:17:06'),('Advanced topics for Anthropology',3,2,61,'32AdvancedtopicsAnthropology','2017-03-25 02:17:06'),('Specialization for Anthropology',4,2,96,'42SpecializationAnthropology','2017-03-25 02:17:06'),('Mathematics for  Architecture',1,3,66,'13MathematicsArchitecture','2017-03-25 02:17:06'),('English for Architecture',1,3,4,'13EnglishArchitecture','2017-03-25 02:17:06'),('Basics for Architecture',2,3,43,'23BasicsArchitecture','2017-03-25 02:17:06'),('Advanced topics for Architecture',3,3,32,'33AdvancedtopicsArchitecture','2017-03-25 02:17:06'),('Specialization for Architecture',4,3,29,'43SpecializationArchitecture','2017-03-25 02:17:06'),('Mathematics for  Biological Engineering',1,4,74,'14MathematicsBiologicalEngineering','2017-03-25 02:17:06'),('English for Biological Engineering',1,4,21,'14EnglishBiologicalEngineering','2017-03-25 02:17:06'),('Basics for Biological Engineering',2,4,11,'24BasicsBiologicalEngineering','2017-03-25 02:17:06'),('Advanced topics for Biological Engineering',3,4,55,'34AdvancedtopicsBiologicalEngineering','2017-03-25 02:17:06'),('Specialization for Biological Engineering',4,4,3,'44SpecializationBiologicalEngineering','2017-03-25 02:17:06'),('Mathematics for  Biology',1,5,14,'15MathematicsBiology','2017-03-25 02:17:06'),('English for Biology',1,5,78,'15EnglishBiology','2017-03-25 02:17:06'),('Basics for Biology',2,5,84,'25BasicsBiology','2017-03-25 02:17:06'),('Advanced topics for Biology',3,5,54,'35AdvancedtopicsBiology','2017-03-25 02:17:06'),('Specialization for Biology',4,5,53,'45SpecializationBiology','2017-03-25 02:17:06'),('Mathematics for  Brain and Cognitive Sciences',1,6,18,'16MathematicsBrainCognitiveSciences','2017-03-25 02:17:06'),('English for Brain and Cognitive Sciences',1,6,12,'16EnglishBrainCognitiveSciences','2017-03-25 02:17:06'),('Basics for Brain and Cognitive Sciences',2,6,22,'26BasicsBrainCognitiveSciences','2017-03-25 02:17:06'),('Advanced topics for Brain and Cognitive Sciences',3,6,17,'36AdvancedtopicsBrainCognitiveSciences','2017-03-25 02:17:06'),('Specialization for Brain and Cognitive Sciences',4,6,3,'46SpecializationBrainCognitiveSciences','2017-03-25 02:17:06'),('Mathematics for  Chemical Engineering',1,7,27,'17MathematicsChemicalEngineering','2017-03-25 02:17:06'),('English for Chemical Engineering',1,7,34,'17EnglishChemicalEngineering','2017-03-25 02:17:06'),('Basics for Chemical Engineering',2,7,54,'27BasicsChemicalEngineering','2017-03-25 02:17:06'),('Advanced topics for Chemical Engineering',3,7,5,'37AdvancedtopicsChemicalEngineering','2017-03-25 02:17:06'),('Specialization for Chemical Engineering',4,7,17,'47SpecializationChemicalEngineering','2017-03-25 02:17:06'),('Mathematics for  Chemistry',1,8,38,'18MathematicsChemistry','2017-03-25 02:17:06'),('English for Chemistry',1,8,34,'18EnglishChemistry','2017-03-25 02:17:06'),('Basics for Chemistry',2,8,42,'28BasicsChemistry','2017-03-25 02:17:06'),('Advanced topics for Chemistry',3,8,100,'38AdvancedtopicsChemistry','2017-03-25 02:17:06'),('Specialization for Chemistry',4,8,57,'48SpecializationChemistry','2017-03-25 02:17:06'),('Mathematics for  Civil and Environmental Engineering',1,9,4,'19MathematicsCivilEnvironmentalEngineering','2017-03-25 02:17:06'),('English for Civil and Environmental Engineering',1,9,24,'19EnglishCivilEnvironmentalEngineering','2017-03-25 02:17:06'),('Basics for Civil and Environmental Engineering',2,9,37,'29BasicsCivilEnvironmentalEngineering','2017-03-25 02:17:06'),('Advanced topics for Civil and Environmental Engineering',3,9,76,'39AdvancedtopicsCivilEnvironmentalEngineering','2017-03-25 02:17:06'),('Specialization for Civil and Environmental Engineering',4,9,60,'49SpecializationCivilEnvironmentalEngineering','2017-03-25 02:17:06'),('Mathematics for  Comparative Media Studies/Writing',1,10,83,'110MathematicsComparativeMediaStudies/Writing','2017-03-25 02:17:06'),('English for Comparative Media Studies/Writing',1,10,6,'110EnglishComparativeMediaStudies/Writing','2017-03-25 02:17:06'),('Basics for Comparative Media Studies/Writing',2,10,32,'210BasicsComparativeMediaStudies/Writing','2017-03-25 02:17:06'),('Advanced topics for Comparative Media Studies/Writing',3,10,92,'310AdvancedtopicsComparativeMediaStudies/Writing','2017-03-25 02:17:06'),('Specialization for Comparative Media Studies/Writing',4,10,86,'410SpecializationComparativeMediaStudies/Writing','2017-03-25 02:17:06'),('Mathematics for  Computer Science',1,11,16,'111MathematicsComputerScience','2017-03-25 02:17:06'),('English for Computer Science',1,11,25,'111EnglishComputerScience','2017-03-25 02:17:06'),('Basics for Computer Science',2,11,6,'211BasicsComputerScience','2017-03-25 02:17:06'),('Advanced topics for Computer Science',3,11,99,'311AdvancedtopicsComputerScience','2017-03-25 02:17:06'),('Specialization for Computer Science',4,11,56,'411SpecializationComputerScience','2017-03-25 02:17:06'),('Mathematics for  Earth and Planetary Sciences',1,12,100,'112MathematicsEarth,PlanetarySciences','2017-03-25 02:17:06'),('English for Earth and Planetary Sciences',1,12,22,'112EnglishEarth,PlanetarySciences','2017-03-25 02:17:06'),('Basics for Earth and Planetary Sciences',2,12,100,'212BasicsEarth,PlanetarySciences','2017-03-25 02:17:06'),('Advanced topics for Earth and Planetary Sciences',3,12,99,'312AdvancedtopicsEarth,PlanetarySciences','2017-03-25 02:17:06'),('Specialization for Earth and Planetary Sciences',4,12,84,'412SpecializationEarth,PlanetarySciences','2017-03-25 02:17:06'),('Mathematics for  Economics',1,13,99,'113MathematicsEconomics','2017-03-25 02:17:06'),('English for Economics',1,13,15,'113EnglishEconomics','2017-03-25 02:17:06'),('Basics for Economics',2,13,21,'213BasicsEconomics','2017-03-25 02:17:06'),('Advanced topics for Economics',3,13,50,'313AdvancedtopicsEconomics','2017-03-25 02:17:06'),('Specialization for Economics',4,13,98,'413SpecializationEconomics','2017-03-25 02:17:06'),('Mathematics for  Engineering and Computer Science',1,14,45,'114MathematicsEngineeringComputerScience','2017-03-25 02:17:06'),('English for Engineering and Computer Science',1,14,38,'114EnglishEngineeringComputerScience','2017-03-25 02:17:06'),('Basics for Engineering and Computer Science',2,14,30,'214BasicsEgineeringComputerScience','2017-03-25 02:17:06'),('Advanced topics for Engineering and Computer Science',3,14,34,'314AdvancedtopicsEngineeringComputerScience','2017-03-25 02:17:06'),('Specialization for Engineering and Computer Science',4,14,6,'414SpecializationEngineeringComputerScience','2017-03-25 02:17:06'),('Mathematics for  Experimental Study Group',1,15,75,'115MathematicsExperimentalStudyGroup','2017-03-25 02:17:06'),('English for Experimental Study Group',1,15,10,'115EnglishExperimentalStudyGroup','2017-03-25 02:17:06'),('Basics for Experimental Study Group',2,15,80,'215BasicsExperimentalStudyGroup','2017-03-25 02:17:06'),('Advanced topics for Experimental Study Group',3,15,22,'315AdvancedtopicsExperimentalStudyGroup','2017-03-25 02:17:06'),('Specialization for Experimental Study Group',4,15,87,'415SpecializationExperimentalStudyGroup','2017-03-25 02:17:06'),('Mathematics for  Global Studies and Languages',1,16,19,'116MathematicsGlobalStudiesLanguages','2017-03-25 02:17:06'),('English for Global Studies and Languages',1,16,62,'116EnglishGlobalStudiesLanguages','2017-03-25 02:17:06'),('Basics for Global Studies and Languages',2,16,85,'216BasicsGlobalStudiesLanguages','2017-03-25 02:17:06'),('Advanced topics for Global Studies and Languages',3,16,85,'316AdvancedtopicsGlobalStudiesLanguages','2017-03-25 02:17:06'),('Specialization for Global Studies and Languages',4,16,71,'416SpecializationGlobalStudiesLanguages','2017-03-25 02:17:06'),('Mathematics for  Health Sciences and Technology',1,17,10,'117MathematicsHealthSciencesTechnology','2017-03-25 02:17:06'),('English for Health Sciences and Technology',1,17,59,'117EnglishHealthSciencesTechnology','2017-03-25 02:17:06'),('Basics for Health Sciences and Technology',2,17,97,'217BasicsHealthSciencesTechnology','2017-03-25 02:17:06'),('Advanced topics for Health Sciences and Technology',3,17,34,'317AdvancedtopicsHealthSciencesTechnology','2017-03-25 02:17:06'),('Specialization for Health Sciences and Technology',4,17,98,'417SpecializationHealthSciencesTechnology','2017-03-25 02:17:06'),('Mathematics for  History',1,18,57,'118MathematicsHistory','2017-03-25 02:17:06'),('English for History',1,18,86,'118EnglishHistory','2017-03-25 02:17:06'),('Basics for History',2,18,70,'218BasicsHistory','2017-03-25 02:17:06'),('Advanced topics for History',3,18,32,'318AdvancedtopicsHistory','2017-03-25 02:17:06'),('Specialization for History',4,18,20,'418SpecializationHistory','2017-03-25 02:17:06'),('Mathematics for  Linguistics and Philosophy',1,19,39,'119MathematicsLinguisticsPhilosophy','2017-03-25 02:17:06'),('English for Linguistics and Philosophy',1,19,56,'119EnglishLinguisticsPhilosophy','2017-03-25 02:17:06'),('Basics for Linguistics and Philosophy',2,19,63,'219BasicsLinguisticsPhilosophy','2017-03-25 02:17:06'),('Advanced topics for Linguistics and Philosophy',3,19,86,'319AdvancedtopicsLinguisticsPhilosophy','2017-03-25 02:17:06'),('Specialization for Linguistics and Philosophy',4,19,10,'419SpecializationLinguisticsPhilosophy','2017-03-25 02:17:06'),('Mathematics for  Literature',1,20,26,'120MathematicsLiterature','2017-03-25 02:17:06'),('English for Literature',1,20,54,'120EnglishLiterature','2017-03-25 02:17:06'),('Basics for Literature',2,20,26,'220BasicsLiterature','2017-03-25 02:17:06'),('Advanced topics for Literature',3,20,17,'320AdvancedtopicsLiterature','2017-03-25 02:17:06'),('Specialization for Literature',4,20,22,'420SpecializationLiterature','2017-03-25 02:17:06'),('Mathematics for  Materials Science and Engineering',1,21,19,'121MathematicsMaterialsScienceEngineering','2017-03-25 02:17:06'),('English for Materials Science and Engineering',1,21,9,'121EnglishMaterialsScienceEngineering','2017-03-25 02:17:06'),('Basics for Materials Science and Engineering',2,21,25,'221BasicsMaterialsScienceEngineering','2017-03-25 02:17:06'),('Advanced topics for Materials Science and Engineering',3,21,67,'321AdvancedtopicsMaterialsScienceEngineering','2017-03-25 02:17:06'),('Specialization for Materials Science and Engineering',4,21,95,'421SpecializationMaterialsScienceEngineering','2017-03-25 02:17:06'),('Mathematics for  Mathematics',1,22,34,'122MathematicsMathematics','2017-03-25 02:17:06'),('English for Mathematics',1,22,81,'122EnglishMathematics','2017-03-25 02:17:06'),('Basics for Mathematics',2,22,2,'222BasicsMathematics','2017-03-25 02:17:06'),('Advanced topics for Mathematics',3,22,11,'322AdvancedtopicsMathematics','2017-03-25 02:17:06'),('Specialization for Mathematics',4,22,48,'422SpecializationMathematics','2017-03-25 02:17:06'),('Mathematics for  Mechanical Engineering',1,23,11,'123MathematicsMechanicalEngineering','2017-03-25 02:17:06'),('English for Mechanical Engineering',1,23,16,'123EnglishMechanicalEngineering','2017-03-25 02:17:06'),('Basics for Mechanical Engineering',2,23,84,'223BasicsMechanicalEngineering','2017-03-25 02:17:06'),('Advanced topics for Mechanical Engineering',3,23,42,'323AdvancedtopicsMechanicalEngineering','2017-03-25 02:17:06'),('Specialization for Mechanical Engineering',4,23,49,'423SpecializationMechanicalEngineering','2017-03-25 02:17:06'),('Mathematics for  Media Arts and Sciences',1,24,20,'124MathematicsMediaArtsSciences','2017-03-25 02:17:06'),('English for Media Arts and Sciences',1,24,76,'124EnglishMediaArtsSciences','2017-03-25 02:17:06'),('Basics for Media Arts and Sciences',2,24,36,'224BasicsMediaArtsSciences','2017-03-25 02:17:06'),('Advanced topics for Media Arts and Sciences',3,24,63,'324AdvancedtopicsMediaArtsSciences','2017-03-25 02:17:06'),('Specialization for Media Arts and Sciences',4,24,6,'424SpecializationMediaArtsSciences','2017-03-25 02:17:06'),('Mathematics for  Music and Theater Arts',1,25,71,'125MathematicsMusicTheaterArts','2017-03-25 02:17:06'),('English for Music and Theater Arts',1,25,77,'125EnglishMusicTheaterArts','2017-03-25 02:17:06'),('Basics for Music and Theater Arts',2,25,58,'225BasicsMusicTheaterArts','2017-03-25 02:17:06'),('Advanced topics for Music and Theater Arts',3,25,43,'325AdvancedtopicsMusicTheaterArts','2017-03-25 02:17:06'),('Specialization for Music and Theater Arts',4,25,70,'425SpecializationMusicTheaterArts','2017-03-25 02:17:06'),('Mathematics for  Nuclear Science and Engineering',1,26,53,'126MathematicsNuclearScienceEngineering','2017-03-25 02:17:06'),('English for Nuclear Science and Engineering',1,26,33,'126EnglishNuclearScienceEngineering','2017-03-25 02:17:06'),('Basics for Nuclear Science and Engineering',2,26,41,'226BasicsNuclearScienceEngineering','2017-03-25 02:17:06'),('Advanced topics for Nuclear Science and Engineering',3,26,3,'326AdvancedtopicsNuclearScienceEngineering','2017-03-25 02:17:06'),('Specialization for Nuclear Science and Engineering',4,26,10,'426SpecializationNuclearScienceEngineering','2017-03-25 02:17:06'),('Mathematics for  Physics',1,27,59,'127MathematicsPhysics','2017-03-25 02:17:06'),('English for Physics',1,27,72,'127EnglishPhysics','2017-03-25 02:17:06'),('Basics for Physics',2,27,75,'227BasicsPhysics','2017-03-25 02:17:06'),('Advanced topics for Physics',3,27,55,'327AdvancedtopicsPhysics','2017-03-25 02:17:06'),('Specialization for Physics',4,27,34,'427SpecializationPhysics','2017-03-25 02:17:06'),('Mathematics for  Political Science',1,28,48,'128MathematicsPoliticalScience','2017-03-25 02:17:06'),('English for Political Science',1,28,79,'128EnglishPoliticalScience','2017-03-25 02:17:06'),('Basics for Political Science',2,28,70,'228BasicsPoliticalScience','2017-03-25 02:17:06'),('Advanced topics for Political Science',3,28,75,'328AdvancedtopicsPoliticalScience','2017-03-25 02:17:06'),('Specialization for Political Science',4,28,96,'428SpecializationPoliticalScience','2017-03-25 02:17:06'),('Mathematics for  Science, Technology, and Society',1,29,27,'129MathematicsScience,Technology,Society','2017-03-25 02:17:06'),('English for Science, Technology, and Society',1,29,62,'129EnglishScience,Technology,Society','2017-03-25 02:17:06'),('Basics for Science, Technology, and Society',2,29,20,'229BasicsScience,Technology,Society','2017-03-25 02:17:06'),('Advanced topics for Science, Technology, and Society',3,29,22,'329AdvancedtopicsScience,Technology,Society','2017-03-25 02:17:06'),('Specialization for Science, Technology, and Society',4,29,17,'429SpecializationScience,Technology,Society','2017-03-25 02:17:06'),('Mathematics for  Urban Studies and Planning',1,30,81,'130MathematicsUrbanStudiesPlanning','2017-03-25 02:17:06'),('English for Urban Studies and Planning',1,30,30,'130EnglishUrbanStudiesPlanning','2017-03-25 02:17:06'),('Basics for Urban Studies and Planning',2,30,11,'230BasicsUrbanStudiesPlanning','2017-03-25 02:17:06'),('Advanced topics for Urban Studies and Planning',3,30,84,'330AdvancedtopicsUrbanStudiesPlanning','2017-03-25 02:17:06'),('Specialization for Urban Studies and Planning',4,30,43,'430SpecializationUrbanStudiesPlanning','2017-03-25 02:17:06');
INSERT INTO `students` (age, start_level, current_level, matric_no, department_id, id, created_at, first_name, last_name, email, password) VALUES (22,2,4,'20212KK',8,'KK60481628qbzipnenvk','2017-03-25 02:17:06','KRAGG','KELSEY','KRAGGK8@schub.com','KRAGGK8PWD'),(24,2,2,'20213SN',28,'SN79592992lgmymjdmvb','2017-03-25 02:17:06','SULIMAN','NICKHOLAS','SULIMANN28@schub.com','SULIMANN28PWD'),(27,1,1,'20224CR',4,'CR14053261zharxwujpk','2017-03-25 02:17:06','CHANSOTHEA','ROLTON','CHANSOTHEAR4@schub.com','CHANSOTHEAR4PWD'),(22,2,4,'20215TM',9,'TM72275146lxdnqmgrrl','2017-03-25 02:17:06','TAMARA','MITIADY','TAMARAM9@schub.com','TAMARAM9PWD'),(16,2,4,'20216ZK',10,'ZK81601968amommltibp','2017-03-25 02:17:06','ZAYED','KALAM','ZAYEDK10@schub.com','ZAYEDK10PWD'),(19,2,3,'20217SB',20,'SB70223854fpwescheot','2017-03-25 02:17:06','SERGEI','BASILI','SERGEIB20@schub.com','SERGEIB20PWD'),(24,1,2,'20228BA',27,'BA33738748quxfbcypyw','2017-03-25 02:17:06','BENEDICTO','A-JAY','BENEDICTOA27@schub.com','BENEDICTOA27PWD'),(20,2,3,'20219KJ',5,'KJ92041624rnqzmlvvnq','2017-03-25 02:17:06','KRISTAPS','JOSHUA-LEE','KRISTAPSJ5@schub.com','KRISTAPSJ5PWD'),(26,1,2,'202210JY',16,'JY79082803ycmlpzvwtp','2017-03-25 02:17:06','JEREMISZ','YOUSIF','JEREMISZY16@schub.com','JEREMISZY16PWD'),(20,1,1,'202211HT',28,'HT68171732qryhfivbuf','2017-03-25 02:17:06','HEMMING','TALOR','HEMMINGT28@schub.com','HEMMINGT28PWD'),(21,2,2,'202112AH',12,'AH82667485oljomjkuym','2017-03-25 02:17:06','ATHANASSI','HEIDI','ATHANASSIH12@schub.com','ATHANASSIH12PWD'),(16,1,1,'202213HS',17,'HS21549211dvnjmvrnem','2017-03-25 02:17:06','HASANAIN','STYVEN','HASANAINS17@schub.com','HASANAINS17PWD'),(29,2,4,'202114AS',26,'AS91271515nvsuokfhjq','2017-03-25 02:17:06','AIJAY','SEN','AIJAYS26@schub.com','AIJAYS26PWD'),(30,2,3,'202115TC',22,'TC28187300lvcdlxctdu','2017-03-25 02:17:06','TATU-HANNES','CRESSWELL','TATU-HANNESC22@schub.com','TATU-HANNESC22PWD'),(17,1,2,'202216TJ',15,'TJ75810566gggnhlngla','2017-03-25 02:17:06','TASHVIR','JARRON','TASHVIRJ15@schub.com','TASHVIRJ15PWD'),(29,1,1,'202217DN',14,'DN92872419tgcwqfakvv','2017-03-25 02:17:06','DEREC','NARDENE','DERECN14@schub.com','DERECN14PWD'),(22,1,4,'202218ST',15,'ST39081187jqxvwokmxp','2017-03-25 02:17:06','SUSANTI','TONY','SUSANTIT15@schub.com','SUSANTIT15PWD'),(26,2,4,'202119EP',15,'EP43850908etpovqpckw','2017-03-25 02:17:06','ELIJA','PEDROS','ELIJAP15@schub.com','ELIJAP15PWD'),(29,2,2,'202120RM',24,'RM38962544dfuahpisyn','2017-03-25 02:17:06','REESHABH','MACKLEN','REESHABHM24@schub.com','REESHABHM24PWD'),(30,1,3,'202221CJ',3,'CJ10724222ggfawbcwrt','2017-03-25 02:17:06','CHADE','JASUR','CHADEJ3@schub.com','CHADEJ3PWD'),(19,1,4,'202222CC',29,'CC75364285ndqpmyubgf','2017-03-25 02:17:06','CAREX','CARMELLO','CAREXC29@schub.com','CAREXC29PWD'),(19,2,3,'202123ED',16,'ED42172562xejbuzkcsw','2017-03-25 02:17:06','EMMANOUEL','DOMINCO','EMMANOUELD16@schub.com','EMMANOUELD16PWD'),(22,1,3,'202224IM',2,'IM46176804mzciamctmp','2017-03-25 02:17:06','INTHAVANH','MARINUS','INTHAVANHM2@schub.com','INTHAVANHM2PWD'),(27,1,1,'202225CS',10,'CS86089550frvzdhpumw','2017-03-25 02:17:06','CLASH','SAVAIN','CLASHS10@schub.com','CLASHS10PWD'),(18,1,2,'202226TT',25,'TT48269321fyoqisjevu','2017-03-25 02:17:06','TAVGUN','THANASE','TAVGUNT25@schub.com','TAVGUNT25PWD'),(21,1,2,'202227FC',14,'FC35358061sjlrvpbcfx','2017-03-25 02:17:06','FIDON','CRETINEZ','FIDONC14@schub.com','FIDONC14PWD'),(23,1,2,'202228CL',10,'CL41544803kxyqfitnhi','2017-03-25 02:17:06','COSTATINOS','LORRY','COSTATINOSL10@schub.com','COSTATINOSL10PWD'),(27,1,3,'202229JS',19,'JS70487506dhhkxetofp','2017-03-25 02:17:06','JODAN','SHRAVENN','JODANS19@schub.com','JODANS19PWD'),(25,1,2,'202230JN',22,'JN23427627ngpuvblwar','2017-03-25 02:17:06','JESSIE-JAMIE','NHIM','JESSIE-JAMIEN22@schub.com','JESSIE-JAMIEN22PWD'),(20,1,3,'202231AP',26,'AP19186882zjfufnbjgi','2017-03-25 02:17:06','ALIRIZA','PALYOLOGOS','ALIRIZAP26@schub.com','ALIRIZAP26PWD'),(28,1,2,'202232JF',2,'JF19277498wvpslciwpu','2017-03-25 02:17:06','JOCELYNN','FRASIER','JOCELYNNF2@schub.com','JOCELYNNF2PWD'),(29,1,1,'202233WC',12,'WC75368525zthvnagtyg','2017-03-25 02:17:06','WAYN','CIORCIO','WAYNC12@schub.com','WAYNC12PWD'),(25,1,2,'202234TF',18,'TF41070621ghzenafxds','2017-03-25 02:17:06','TEON','FOTI','TEONF18@schub.com','TEONF18PWD'),(29,2,3,'202135RA',5,'RA59180883zkppfqzvtq','2017-03-25 02:17:06','RYNALD','AINO','RYNALDA5@schub.com','RYNALDA5PWD'),(25,2,2,'202136RK',22,'RK48798401nqfwoczjcm','2017-03-25 02:17:06','RYLEY','KENTON','RYLEYK22@schub.com','RYLEYK22PWD'),(19,2,3,'202137JJ',2,'JJ51561611ckdtnwceqi','2017-03-25 02:17:06','JETIN','JIMIS','JETINJ2@schub.com','JETINJ2PWD'),(21,2,3,'202138GS',14,'GS73012886owofqnpspp','2017-03-25 02:17:06','GEOFFRY','SAPPHIREDEEP','GEOFFRYS14@schub.com','GEOFFRYS14PWD'),(23,2,2,'202139TE',14,'TE57123293gpjhrlsxpb','2017-03-25 02:17:06','TALIS','EFTHIMIOS','TALISE14@schub.com','TALISE14PWD'),(20,1,2,'202240JA',26,'JA13361897rajizznusd','2017-03-25 02:17:06','JOVANIE','ABDULHALIM','JOVANIEA26@schub.com','JOVANIEA26PWD'),(25,2,3,'202141JT',5,'JT60457360egvdooxmbf','2017-03-25 02:17:06','JULIE-ANN','TREYHARNE','JULIE-ANNT5@schub.com','JULIE-ANNT5PWD'),(29,1,4,'202242CK',9,'CK70120635pmjjnckbcp','2017-03-25 02:17:06','CHEYAN','KYTE','CHEYANK9@schub.com','CHEYANK9PWD'),(26,1,1,'202243AK',16,'AK64392981yqgjegviso','2017-03-25 02:17:06','ANTHONY-GEORGE','KIP','ANTHONY-GEORGEK16@schub.com','ANTHONY-GEORGEK16PWD'),(30,1,2,'202244TS',25,'TS20338093icjrrpkkhw','2017-03-25 02:17:06','TRUMAN','SHAUNE','TRUMANS25@schub.com','TRUMANS25PWD'),(27,2,4,'202145KV',12,'KV25205613uccdpbxxvc','2017-03-25 02:17:06','KORBON','VUTHY','KORBONV12@schub.com','KORBONV12PWD'),(17,1,2,'202246CE',2,'CE22003768nkwfpxxcyw','2017-03-25 02:17:06','CHRISOSTOMOS','ENOCH','CHRISOSTOMOSE2@schub.com','CHRISOSTOMOSE2PWD'),(29,1,1,'202247KL',25,'KL82046952fedhsdcvhh','2017-03-25 02:17:06','KIAHNI','LOCAN','KIAHNIL25@schub.com','KIAHNIL25PWD'),(19,1,2,'202248AR',17,'AR56529457giwznfksmt','2017-03-25 02:17:06','ALGIS','RENAE','ALGISR17@schub.com','ALGISR17PWD'),(23,2,2,'202149SK',10,'SK17630211chbplszsxk','2017-03-25 02:17:06','STEAVEN','KARMUN','STEAVENK10@schub.com','STEAVENK10PWD'),(28,2,2,'202150JO',19,'JO84879112wshsmzlbpg','2017-03-25 02:17:06','JURGER','ODHINN','JURGERO19@schub.com','JURGERO19PWD'),(22,1,1,'202251JV',18,'JV43188424ipynyujbxo','2017-03-25 02:17:06','JOSEPPE','VARDAAN','JOSEPPEV18@schub.com','JOSEPPEV18PWD'),(22,1,4,'202252HB',15,'HB42295645xdhlmfrdeb','2017-03-25 02:17:06','HOANG-TRUNG-HIEU','BRANDEN-LEE','HOANG-TRUNG-HIEUB15@schub.com','HOANG-TRUNG-HIEUB15PWD'),(27,1,2,'202253AM',26,'AM35291437xsjzjwqmax','2017-03-25 02:17:06','ANDON','MATHEW-DEAN','ANDONM26@schub.com','ANDONM26PWD'),(26,1,3,'202254GV',17,'GV63988261maynvfhouq','2017-03-25 02:17:06','GINO-CARLO','VICK','GINO-CARLOV17@schub.com','GINO-CARLOV17PWD'),(16,2,4,'202155VB',21,'VB40337851ojprbyyjxb','2017-03-25 02:17:06','VERDUN','BENIAMIN','VERDUNB21@schub.com','VERDUNB21PWD'),(26,1,2,'202256ZT',17,'ZT88089648abubjonpfa','2017-03-25 02:17:06','ZIYAD','THIENLONG','ZIYADT17@schub.com','ZIYADT17PWD'),(18,1,4,'202257JF',2,'JF39156363yvvxezuavu','2017-03-25 02:17:06','JAYRELL','FRANSZ','JAYRELLF2@schub.com','JAYRELLF2PWD'),(26,2,4,'202158MA',6,'MA68986077wdbgdaorcm','2017-03-25 02:17:06','MINEOL','AEMMON','MINEOLA6@schub.com','MINEOLA6PWD'),(21,1,3,'202259TS',3,'TS42929192aucobrewgv','2017-03-25 02:17:06','TARRELL','SENNA','TARRELLS3@schub.com','TARRELLS3PWD'),(27,1,3,'202260SA',4,'SA69780814dvdgvjtzub','2017-03-25 02:17:06','SADIK-CHARLES','ALBERTUS','SADIK-CHARLESA4@schub.com','SADIK-CHARLESA4PWD'),(26,1,4,'202261XA',7,'XA69364591fykbnevbjl','2017-03-25 02:17:06','XIAN','ALAN-RAY','XIANA7@schub.com','XIANA7PWD'),(24,1,3,'202262JN',20,'JN67475487voupsjnvsd','2017-03-25 02:17:06','JIMMIE','NELBRIN','JIMMIEN20@schub.com','JIMMIEN20PWD'),(24,1,1,'202263KG',25,'KG55671104ywijefojce','2017-03-25 02:17:06','KHOLEHO','GIA-HUY','KHOLEHOG25@schub.com','KHOLEHOG25PWD'),(27,1,3,'202264ZC',3,'ZC41527215aleuddsxhc','2017-03-25 02:17:06','ZEBEDIAH','COSTA','ZEBEDIAHC3@schub.com','ZEBEDIAHC3PWD'),(28,2,4,'202165DH',5,'DH35769160wxqvfkjcrp','2017-03-25 02:17:06','DORDE','HERTA','DORDEH5@schub.com','DORDEH5PWD'),(17,1,4,'202266AG',15,'AG70630714xclafqvmdl','2017-03-25 02:17:06','ARIEN','GIORGY','ARIENG15@schub.com','ARIENG15PWD'),(18,1,2,'202267CJ',5,'CJ72191400eodfmsedkq','2017-03-25 02:17:06','CHANITHU','JOHN-JOSEPH','CHANITHUJ5@schub.com','CHANITHUJ5PWD'),(27,2,2,'202168SJ',1,'SJ95007178xpwdkijhwq','2017-03-25 02:17:06','STOKAH','JALON','STOKAHJ1@schub.com','STOKAHJ1PWD'),(27,1,1,'202269DT',19,'DT26338772nzvgarlslc','2017-03-25 02:17:06','DAIKODAH','TIMATHY','DAIKODAHT19@schub.com','DAIKODAHT19PWD'),(24,2,3,'202170YC',16,'YC20692243crlythgiqa','2017-03-25 02:17:06','YUNKIE','CAESAR','YUNKIEC16@schub.com','YUNKIEC16PWD'),(19,1,4,'202271JM',17,'JM46228916axuylempuw','2017-03-25 02:17:06','JOSEPHE','MICHELINA','JOSEPHEM17@schub.com','JOSEPHEM17PWD'),(21,1,2,'202272KR',1,'KR36144015tcbbkjfhsq','2017-03-25 02:17:06','KRISTEN','RODI','KRISTENR1@schub.com','KRISTENR1PWD'),(29,1,4,'202273EI',20,'EI80838347wkrvdvvxxj','2017-03-25 02:17:06','EDMUNDAS','IZAJAH','EDMUNDASI20@schub.com','EDMUNDASI20PWD'),(25,1,4,'202274SG',17,'SG14097576rktyhimotj','2017-03-25 02:17:06','SHAWN','GUIN','SHAWNG17@schub.com','SHAWNG17PWD'),(24,1,1,'202275AB',1,'AB25906835kdtovzkwtj','2017-03-25 02:17:06','ASHER','BILLAL','ASHERB1@schub.com','ASHERB1PWD'),(18,1,2,'202276AJ',27,'AJ52152441dauyhyzsqf','2017-03-25 02:17:06','ASIF','JURIY','ASIFJ27@schub.com','ASIFJ27PWD'),(19,1,3,'202277RA',22,'RA30107976ieewwqzbaz','2017-03-25 02:17:06','RUAIRIDH','AGUSTYA','RUAIRIDHA22@schub.com','RUAIRIDHA22PWD'),(22,1,2,'202278CT',28,'CT47863449gteflqwfhw','2017-03-25 02:17:06','CHIRAGH','TEIJO','CHIRAGHT28@schub.com','CHIRAGHT28PWD'),(18,1,4,'202279LD',26,'LD88484654ioftnpajvx','2017-03-25 02:17:06','LYN-MARIE','DOLAN','LYN-MARIED26@schub.com','LYN-MARIED26PWD'),(19,2,2,'202180SG',3,'SG67697502czfjssrgik','2017-03-25 02:17:06','SHARL','GANAN','SHARLG3@schub.com','SHARLG3PWD'),(25,1,4,'202281CT',9,'CT85954647wcrsqfztjf','2017-03-25 02:17:06','CLAY','TONY-FRANK','CLAYT9@schub.com','CLAYT9PWD'),(16,2,4,'202182AR',19,'AR76523191qkmblwwqxu','2017-03-25 02:17:06','AMMAUS','RUMIAO','AMMAUSR19@schub.com','AMMAUSR19PWD'),(21,1,3,'202283BS',15,'BS32651855nouqjxnstp','2017-03-25 02:17:06','BAILLIE','SHENGHE','BAILLIES15@schub.com','BAILLIES15PWD'),(27,2,2,'202184AA',6,'AA66905483xugudxobjy','2017-03-25 02:17:06','ALEXS','AVIGHNA','ALEXSA6@schub.com','ALEXSA6PWD'),(26,2,4,'202185JP',5,'JP54382904jpgxrxnlsr','2017-03-25 02:17:06','JOURNEY','PANTELI','JOURNEYP5@schub.com','JOURNEYP5PWD'),(23,1,4,'202286PJ',8,'PJ24633058btyynbsgma','2017-03-25 02:17:06','PATRICIA-LEA','JHARAL','PATRICIA-LEAJ8@schub.com','PATRICIA-LEAJ8PWD'),(29,2,4,'202187DS',14,'DS78447827qfanlqatnb','2017-03-25 02:17:06','DREL','SANJIVAN','DRELS14@schub.com','DRELS14PWD'),(18,2,4,'202188AL',19,'AL61954870dlgshupmis','2017-03-25 02:17:06','ABBI','LEON-VYTAS','ABBIL19@schub.com','ABBIL19PWD'),(18,2,3,'202189GR',29,'GR61750405fnpdzabvna','2017-03-25 02:17:06','GODWIN','REAVE','GODWINR29@schub.com','GODWINR29PWD'),(27,2,2,'202190IJ',15,'IJ78652170wswiriwyhv','2017-03-25 02:17:06','IVAC','JED','IVACJ15@schub.com','IVACJ15PWD'),(27,1,4,'202291DR',5,'DR61978806famukhtczc','2017-03-25 02:17:06','DEBORAH','ROLPH','DEBORAHR5@schub.com','DEBORAHR5PWD'),(19,2,3,'202192KP',5,'KP27169543ekcarolmjz','2017-03-25 02:17:06','KOUGER','PARVEEN','KOUGERP5@schub.com','KOUGERP5PWD'),(28,1,2,'202293RW',16,'RW22810776jkpfrgxmie','2017-03-25 02:17:06','RALSTON','WIRINUM','RALSTONW16@schub.com','RALSTONW16PWD'),(23,2,3,'202194VK',20,'VK38769119wziexlfbdp','2017-03-25 02:17:06','VIRASACK','KOEDI','VIRASACKK20@schub.com','VIRASACKK20PWD'),(17,2,4,'202195SN',27,'SN91843983zovardjcpy','2017-03-25 02:17:06','SOTYRIOS','NGUYEN-TRIET','SOTYRIOSN27@schub.com','SOTYRIOSN27PWD'),(23,1,1,'202296DT',21,'DT36072024srbbgvckog','2017-03-25 02:17:06','DEBBIE','THYRONE','DEBBIET21@schub.com','DEBBIET21PWD'),(17,1,2,'202297CJ',10,'CJ87411320veqccapmtk','2017-03-25 02:17:06','COSIMO-VIC-ROBERT','JASMINDER','COSIMO-VIC-ROBERTJ10@schub.com','COSIMO-VIC-ROBERTJ10PWD'),(18,2,3,'202198SA',27,'SA90391361yzlwryejig','2017-03-25 02:17:06','SEPHARN','AZAM','SEPHARNA27@schub.com','SEPHARNA27PWD'),(29,1,2,'202299FA',13,'FA79112496epgtwrofqa','2017-03-25 02:17:06','FIROMSA','ASHLAN','FIROMSAA13@schub.com','FIROMSAA13PWD'),(19,2,4,'2021100XG',5,'XG74328505mupdgrjcez','2017-03-25 02:17:06','XUZHENG','GABRIAL','XUZHENGG5@schub.com','XUZHENGG5PWD'),(26,2,4,'2021101MZ',3,'MZ73051645nuffdcmndw','2017-03-25 02:17:06','MARWAN','ZAN','MARWANZ3@schub.com','MARWANZ3PWD'),(26,1,1,'2022102PK',24,'PK11904269gdgamygocu','2017-03-25 02:17:06','PETER-WAYNE','KEMAL-KERIM','PETER-WAYNEK24@schub.com','PETER-WAYNEK24PWD'),(19,1,4,'2022103SH',22,'SH65980566hdeimmzsff','2017-03-25 02:17:06','SAMAH','HAYDEN','SAMAHH22@schub.com','SAMAHH22PWD'),(30,2,3,'2021104JS',13,'JS60815373gtnmfrfeft','2017-03-25 02:17:06','JACHIMO','SVETOLIK','JACHIMOS13@schub.com','JACHIMOS13PWD'),(20,2,4,'2021105AC',20,'AC60768377erifhjxhme','2017-03-25 02:17:06','ADIB','CHERISE','ADIBC20@schub.com','ADIBC20PWD'),(16,1,4,'2022106TE',12,'TE28849029tspemupqvx','2017-03-25 02:17:06','TOMMY','EKJOT','TOMMYE12@schub.com','TOMMYE12PWD'),(29,1,3,'2022107RL',10,'RL57528026djkrudrwhx','2017-03-25 02:17:06','ROLF-JURGEN','LEIGHEM','ROLF-JURGENL10@schub.com','ROLF-JURGENL10PWD'),(28,2,3,'2021108OS',11,'OS31242125ztfmeioiir','2017-03-25 02:17:06','OAKLEIGH','SOTIUS','OAKLEIGHS11@schub.com','OAKLEIGHS11PWD'),(29,2,4,'2021109BI',14,'BI45028009htwkzxnhyj','2017-03-25 02:17:06','BRADLEY-JAMES','IYAS','BRADLEY-JAMESI14@schub.com','BRADLEY-JAMESI14PWD'),(19,2,2,'2021110MM',18,'MM68941743squletlmnx','2017-03-25 02:17:06','MACKAY','MINH-HUNG','MACKAYM18@schub.com','MACKAYM18PWD'),(25,1,1,'2022111RJ',28,'RJ28124873ttxdxpodek','2017-03-25 02:17:06','RANDOLFO','JOHN-MARKUS','RANDOLFOJ28@schub.com','RANDOLFOJ28PWD'),(21,1,4,'2022112MK',11,'MK17773938palnjyhsjm','2017-03-25 02:17:06','MOLINA','KOJAN','MOLINAK11@schub.com','MOLINAK11PWD'),(27,1,1,'2022113DD',14,'DD59684100jpmwfnfclw','2017-03-25 02:17:06','DIKODA','DOMAGOJ','DIKODAD14@schub.com','DIKODAD14PWD'),(27,1,3,'2022114MD',4,'MD71739139mtyvorgkwq','2017-03-25 02:17:06','MADDOX','DAYTEN','MADDOXD4@schub.com','MADDOXD4PWD'),(30,2,2,'2021115AK',25,'AK16619181dmrqojwvvh','2017-03-25 02:17:06','ARTEMIO','KONNA','ARTEMIOK25@schub.com','ARTEMIOK25PWD'),(26,2,2,'2021116AP',8,'AP67635480mytvbxtbgu','2017-03-25 02:17:06','ANDRES','PROSPERO','ANDRESP8@schub.com','ANDRESP8PWD'),(20,2,4,'2021117FD',18,'FD44161113ulvmzcstio','2017-03-25 02:17:06','FIULA','DUC','FIULAD18@schub.com','FIULAD18PWD'),(26,2,4,'2021118PA',10,'PA21239737inepxlwlgy','2017-03-25 02:17:06','PONTALES','ANSHU','PONTALESA10@schub.com','PONTALESA10PWD'),(20,1,2,'2022119KR',12,'KR42347138khkhgvspdo','2017-03-25 02:17:06','KASSIM','REY','KASSIMR12@schub.com','KASSIMR12PWD'),(18,1,2,'2022120NK',18,'NK10607053rafnzhevgr','2017-03-25 02:17:06','NIETZSCHE','KLAE','NIETZSCHEK18@schub.com','NIETZSCHEK18PWD'),(30,2,3,'2021121PJ',5,'PJ64569826zworqkvcuq','2017-03-25 02:17:06','PASCALINO','JYIIHA','PASCALINOJ5@schub.com','PASCALINOJ5PWD'),(24,2,4,'2021122ZG',22,'ZG76773638gsaanwllql','2017-03-25 02:17:06','ZHEON','GEMTREE','ZHEONG22@schub.com','ZHEONG22PWD'),(22,1,4,'2022123FS',5,'FS23907684euwjhijhjv','2017-03-25 02:17:06','FIDELIA','STOYAN','FIDELIAS5@schub.com','FIDELIAS5PWD'),(22,1,3,'2022124JM',28,'JM59989166coqavzxyos','2017-03-25 02:17:06','JONATHEN','MERTON','JONATHENM28@schub.com','JONATHENM28PWD'),(16,2,2,'2021125AD',8,'AD73499875gdqjdvvbbe','2017-03-25 02:17:06','ALFONSE','DANG','ALFONSED8@schub.com','ALFONSED8PWD'),(26,1,2,'2022126GD',19,'GD66783089abbsvufsdu','2017-03-25 02:17:06','GALLAGHER','DIMO','GALLAGHERD19@schub.com','GALLAGHERD19PWD'),(24,2,4,'2021127DM',17,'DM24602867btvpsnuujz','2017-03-25 02:17:06','DETTER','MESHACH','DETTERM17@schub.com','DETTERM17PWD'),(16,1,4,'2022128MJ',19,'MJ41531718eepqtxonnk','2017-03-25 02:17:06','MICHAELA','JAMARI-INAPO','MICHAELAJ19@schub.com','MICHAELAJ19PWD'),(19,1,1,'2022129DK',8,'DK25298362uyzpqsksea','2017-03-25 02:17:06','DIMETRIOU','KINSLEY','DIMETRIOUK8@schub.com','DIMETRIOUK8PWD'),(25,1,4,'2022130RH',4,'RH26951160gzjhdesyrp','2017-03-25 02:17:06','RAMZI','HAMMAM','RAMZIH4@schub.com','RAMZIH4PWD'),(30,1,4,'2022131JR',25,'JR96424111rngqrutyfz','2017-03-25 02:17:06','JEREMIAS','RANGELO','JEREMIASR25@schub.com','JEREMIASR25PWD'),(27,1,3,'2022132DK',24,'DK53395898zeevmcnolv','2017-03-25 02:17:06','DZENAN','KESHAUN','DZENANK24@schub.com','DZENANK24PWD'),(18,2,3,'2021133GB',2,'GB53722540xtmoaeayek','2017-03-25 02:17:06','GRIFFITHS','BROK','GRIFFITHSB2@schub.com','GRIFFITHSB2PWD'),(19,2,3,'2021134LS',11,'LS30651169fnudpmbogl','2017-03-25 02:17:06','LUCMAN','SOUHAIL','LUCMANS11@schub.com','LUCMANS11PWD'),(28,2,3,'2021135LM',29,'LM91158843hueuyxhwfy','2017-03-25 02:17:06','LARYN','MAXWELL','LARYNM29@schub.com','LARYNM29PWD'),(30,2,3,'2021136YC',5,'YC53779200sangvbftlc','2017-03-25 02:17:06','YAROMIR','CONRAD','YAROMIRC5@schub.com','YAROMIRC5PWD'),(23,1,1,'2022137CB',23,'CB72656119gmwakkxqli','2017-03-25 02:17:06','CATLIN','BENJIMAN','CATLINB23@schub.com','CATLINB23PWD'),(16,2,4,'2021138MK',13,'MK80349438egbgkxrkiz','2017-03-25 02:17:06','MICHELANGELO','KYTON','MICHELANGELOK13@schub.com','MICHELANGELOK13PWD'),(24,2,2,'2021139KA',15,'KA80434732vxtysdyogx','2017-03-25 02:17:06','KOSTI','ARIMAND','KOSTIA15@schub.com','KOSTIA15PWD'),(17,1,1,'2022140JS',26,'JS99129971sfcybogorj','2017-03-25 02:17:06','JETTE','SELCUK','JETTES26@schub.com','JETTES26PWD'),(26,1,1,'2022141AF',11,'AF67157045lacncuieag','2017-03-25 02:17:06','ALKAR','FAESAL','ALKARF11@schub.com','ALKARF11PWD'),(29,1,3,'2022142FN',20,'FN70043078qytefiikkl','2017-03-25 02:17:06','FRANCICUS','NORTH','FRANCICUSN20@schub.com','FRANCICUSN20PWD'),(29,2,4,'2021143KL',26,'KL31396337vcubakiugg','2017-03-25 02:17:06','KOSTANDINO','LORENSO','KOSTANDINOL26@schub.com','KOSTANDINOL26PWD'),(30,1,3,'2022144PJ',26,'PJ14185043dfbuzvogom','2017-03-25 02:17:06','PRASNA','JESUDAS','PRASNAJ26@schub.com','PRASNAJ26PWD'),(18,1,3,'2022145DA',27,'DA38127115cpyastgykc','2017-03-25 02:17:06','DERYNN','AQUINAS','DERYNNA27@schub.com','DERYNNA27PWD'),(21,2,3,'2021146ZH',19,'ZH29817230kicejdnmjp','2017-03-25 02:17:06','ZALAND','HENDRYCH','ZALANDH19@schub.com','ZALANDH19PWD'),(28,1,1,'2022147ST',4,'ST12908744cpajmvqtto','2017-03-25 02:17:06','SOUTH-WEST','TRIK','SOUTH-WESTT4@schub.com','SOUTH-WESTT4PWD'),(18,1,2,'2022148CA',11,'CA37001843bvhhuutykq','2017-03-25 02:17:06','CHATRI','ANNAN','CHATRIA11@schub.com','CHATRIA11PWD'),(28,1,3,'2022149GH',28,'GH90792076dfglrlzhjx','2017-03-25 02:17:06','GEARD','HRISTOS-PAULOS','GEARDH28@schub.com','GEARDH28PWD'),(30,2,4,'2021150EL',15,'EL94243673kgsboqhsos','2017-03-25 02:17:06','ELROY','LENNEL','ELROYL15@schub.com','ELROYL15PWD'),(26,1,4,'2022151AD',12,'AD22211803sbgjhjlson','2017-03-25 02:17:06','ANDIMO','DUGUILD','ANDIMOD12@schub.com','ANDIMOD12PWD'),(27,1,3,'2022152KM',10,'KM12089393mjyurblpqd','2017-03-25 02:17:06','KEITHAN','MIN-SOO','KEITHANM10@schub.com','KEITHANM10PWD'),(24,2,3,'2021153KG',23,'KG47085964cxufnspzjg','2017-03-25 02:17:06','KENYON','GLEB','KENYONG23@schub.com','KENYONG23PWD'),(25,1,3,'2022154ZK',4,'ZK53203983wbhtspchib','2017-03-25 02:17:06','ZAKHARY','KUMANAH','ZAKHARYK4@schub.com','ZAKHARYK4PWD'),(30,2,3,'2021155BT',8,'BT34061247yfnnszxzsm','2017-03-25 02:17:06','BRODEE','TAAVI','BRODEET8@schub.com','BRODEET8PWD'),(20,2,2,'2021156MR',15,'MR31131835cgiynmmcdp','2017-03-25 02:17:06','MARVIN-WILLEM','ROCIE','MARVIN-WILLEMR15@schub.com','MARVIN-WILLEMR15PWD'),(20,2,3,'2021157KD',17,'KD99452812zbuqelhvoj','2017-03-25 02:17:06','KEIFER','DYLLEN','KEIFERD17@schub.com','KEIFERD17PWD'),(25,2,3,'2021158QS',17,'QS98514730bkbwzhvbfn','2017-03-25 02:17:06','QUAYDE','SACHIN','QUAYDES17@schub.com','QUAYDES17PWD'),(29,2,3,'2021159KM',3,'KM84671032towepaehzv','2017-03-25 02:17:06','KRISIAH','MANOLLIS','KRISIAHM3@schub.com','KRISIAHM3PWD'),(24,2,2,'2021160TT',28,'TT26867034ahofmqvjnz','2017-03-25 02:17:06','TADIUSZ','TRISTAN-JAMES','TADIUSZT28@schub.com','TADIUSZT28PWD'),(19,2,2,'2021161LC',27,'LC72259130wtxkhycnfd','2017-03-25 02:17:06','LELAN','CAELLEB','LELANC27@schub.com','LELANC27PWD'),(18,1,3,'2022162XA',13,'XA84090614pdahetanrn','2017-03-25 02:17:06','XUANQUAN','ARAMIS-ALI','XUANQUANA13@schub.com','XUANQUANA13PWD'),(26,2,2,'2021163NT',1,'NT54322141xhsgshefld','2017-03-25 02:17:06','NANAK','TONINO','NANAKT1@schub.com','NANAKT1PWD'),(28,1,2,'2022164DS',15,'DS85894133qkfuzjgrgy','2017-03-25 02:17:06','DHALY','SMRATH','DHALYS15@schub.com','DHALYS15PWD'),(23,2,4,'2021165IJ',1,'IJ17158629uaqxorbmxe','2017-03-25 02:17:06','IZAYIAH','JAMILAH','IZAYIAHJ1@schub.com','IZAYIAHJ1PWD'),(22,1,4,'2022166LR',29,'LR71076827lsydyhvhbd','2017-03-25 02:17:06','LUKE','RHYDA','LUKER29@schub.com','LUKER29PWD'),(21,1,2,'2022167SM',29,'SM20677284wzeyijrsay','2017-03-25 02:17:06','SONNI','MILIC','SONNIM29@schub.com','SONNIM29PWD'),(22,1,1,'2022168KV',23,'KV63589518bdakfcekwt','2017-03-25 02:17:06','KAISAR','VASILIOS-BASIL','KAISARV23@schub.com','KAISARV23PWD'),(26,2,3,'2021169JK',1,'JK24965165mfarbfatxd','2017-03-25 02:17:06','JAQUELINE','KAIDON','JAQUELINEK1@schub.com','JAQUELINEK1PWD'),(18,2,4,'2021170DJ',1,'DJ32648325yjmdstfily','2017-03-25 02:17:06','DIAR','JOHNIS','DIARJ1@schub.com','DIARJ1PWD'),(27,1,2,'2022171TS',26,'TS27306907urlsldwoxk','2017-03-25 02:17:06','TYRYN','SIDDAQMEET','TYRYNS26@schub.com','TYRYNS26PWD'),(26,2,3,'2021172BD',28,'BD16493857jpxggomdli','2017-03-25 02:17:06','BRONTEY','DIMYTRI','BRONTEYD28@schub.com','BRONTEYD28PWD'),(29,2,3,'2021173MA',15,'MA21622424vlikrafkql','2017-03-25 02:17:06','MAURITZ','ANDRIO','MAURITZA15@schub.com','MAURITZA15PWD'),(22,1,1,'2022174ZH',6,'ZH19554928mmfgeksxcq','2017-03-25 02:17:06','ZUHA','HARRISON','ZUHAH6@schub.com','ZUHAH6PWD'),(18,2,2,'2021175ST',14,'ST24042924gbrfebykcc','2017-03-25 02:17:06','SETH-JOHN','TREWOR','SETH-JOHNT14@schub.com','SETH-JOHNT14PWD'),(30,1,3,'2022176AG',24,'AG30947797yczdkyrbhm','2017-03-25 02:17:06','ABDUL-RAHMAN','GIOUUI','ABDUL-RAHMANG24@schub.com','ABDUL-RAHMANG24PWD'),(19,1,2,'2022177MD',24,'MD17419853ijhcibpeml','2017-03-25 02:17:06','MARIEL','DAVID-UGO','MARIELD24@schub.com','MARIELD24PWD'),(29,1,2,'2022178DA',11,'DA91794558mhufgwuqre','2017-03-25 02:17:06','DARYEL','ARCHAH','DARYELA11@schub.com','DARYELA11PWD'),(24,1,3,'2022179AB',25,'AB63439157rdhcqumerq','2017-03-25 02:17:06','ARGIRIOS','BOYCE','ARGIRIOSB25@schub.com','ARGIRIOSB25PWD'),(17,1,4,'2022180HF',29,'HF46395818whcnlglhjf','2017-03-25 02:17:06','HEM','FIONA','HEMF29@schub.com','HEMF29PWD'),(27,2,2,'2021181CM',15,'CM39678619sgmgqfofwa','2017-03-25 02:17:06','CROMWELL','MARINO','CROMWELLM15@schub.com','CROMWELLM15PWD'),(30,2,2,'2021182JC',12,'JC15993842kpiakdtoid','2017-03-25 02:17:06','JESE-JAMES','CREAGH','JESE-JAMESC12@schub.com','JESE-JAMESC12PWD'),(24,2,4,'2021183RK',16,'RK10869437jshrdxjskr','2017-03-25 02:17:06','ROBERTO-PAOLO','KAL','ROBERTO-PAOLOK16@schub.com','ROBERTO-PAOLOK16PWD'),(24,2,3,'2021184KG',15,'KG49844209qqpvjtjddf','2017-03-25 02:17:06','KELAIAH','GURNEET','KELAIAHG15@schub.com','KELAIAHG15PWD'),(20,1,4,'2022185TM',22,'TM31992070xyfbqjhtal','2017-03-25 02:17:06','TENILLE','MINNIE','TENILLEM22@schub.com','TENILLEM22PWD'),(27,2,3,'2021186AV',26,'AV92305221derzcdjfsk','2017-03-25 02:17:06','ASHLEN','VARNOOR','ASHLENV26@schub.com','ASHLENV26PWD'),(30,2,4,'2021187GL',5,'GL69443962rxiojystiw','2017-03-25 02:17:06','GIL','LUFFMAN','GILL5@schub.com','GILL5PWD'),(26,1,3,'2022188RK',12,'RK63112084auntfzsesf','2017-03-25 02:17:06','RONNIE','KAHA','RONNIEK12@schub.com','RONNIEK12PWD'),(23,1,2,'2022189XZ',5,'XZ78583014iizrxzexjx','2017-03-25 02:17:06','XYRUS','ZEYAD','XYRUSZ5@schub.com','XYRUSZ5PWD'),(30,1,1,'2022190IC',26,'IC49363493hvxeysiknn','2017-03-25 02:17:06','ISHMAEL','CHRISTODOULOS','ISHMAELC26@schub.com','ISHMAELC26PWD'),(28,2,2,'2021191PV',27,'PV74487366xdayoseros','2017-03-25 02:17:06','PRIYADI','VASILIS','PRIYADIV27@schub.com','PRIYADIV27PWD'),(28,2,3,'2021192IA',20,'IA79605502lehuihrtpn','2017-03-25 02:17:06','ITALO','ALESI','ITALOA20@schub.com','ITALOA20PWD'),(25,2,3,'2021193JE',17,'JE63001716npmhopbhtk','2017-03-25 02:17:06','JAZ','EMANUELE','JAZE17@schub.com','JAZE17PWD'),(21,1,3,'2022194TT',13,'TT76338899zmwclyawrt','2017-03-25 02:17:06','TEMBO','TYI','TEMBOT13@schub.com','TEMBOT13PWD'),(18,1,1,'2022195VC',10,'VC36345232qvtbavdwyp','2017-03-25 02:17:06','VIKKI','COSTANDINOS','VIKKIC10@schub.com','VIKKIC10PWD'),(17,1,1,'2022196JT',25,'JT72776263aviwvfmjgy','2017-03-25 02:17:06','JAYZELL','TYLIN','JAYZELLT25@schub.com','JAYZELLT25PWD'),(25,2,4,'2021197LS',10,'LS46260984lwrsupzmgu','2017-03-25 02:17:06','LILLIAN','SAMORA','LILLIANS10@schub.com','LILLIANS10PWD'),(30,2,2,'2021198DB',29,'DB32304826ssuxfjycfo','2017-03-25 02:17:06','DJUWAN','BRENTON-ROBERT','DJUWANB29@schub.com','DJUWANB29PWD'),(23,1,3,'2022199AK',28,'AK98802596mxooajdwcy','2017-03-25 02:17:06','ALEXANDA','KILIMA','ALEXANDAK28@schub.com','ALEXANDAK28PWD'),(30,1,1,'2022200EB',27,'EB49395910ppykppybhr','2017-03-25 02:17:06','EGIDIO','BAMBINO','EGIDIOB27@schub.com','EGIDIOB27PWD'),(22,2,3,'2021201KT',18,'KT52779584mxstgkdrxe','2017-03-25 02:17:06','KHYEL','TOMMI-LEE','KHYELT18@schub.com','KHYELT18PWD'),(17,2,4,'2021202FP',16,'FP74735461pkscgewcsx','2017-03-25 02:17:06','FAHAD','PANDELI','FAHADP16@schub.com','FAHADP16PWD'),(21,1,4,'2022203DQ',29,'DQ48479450zwifnwyyzn','2017-03-25 02:17:06','DULAN','QUIN','DULANQ29@schub.com','DULANQ29PWD'),(17,2,2,'2021204MS',1,'MS80078908xbwgdbqron','2017-03-25 02:17:06','MIAMDA','SANCHEZ','MIAMDAS1@schub.com','MIAMDAS1PWD'),(27,1,1,'2022205TA',7,'TA90696879frkefbkwgn','2017-03-25 02:17:06','TRAYDEN','ASHLEY','TRAYDENA7@schub.com','TRAYDENA7PWD'),(28,2,4,'2021206SJ',9,'SJ29037541ndixacdtxv','2017-03-25 02:17:06','SCROSS','JERIMIAH','SCROSSJ9@schub.com','SCROSSJ9PWD'),(22,1,3,'2022207FA',15,'FA44569106ghsbyeekrx','2017-03-25 02:17:06','FELIGE','AKYM','FELIGEA15@schub.com','FELIGEA15PWD'),(17,1,3,'2022208BD',18,'BD45673765frtpjomknr','2017-03-25 02:17:06','BENITA','DANE','BENITAD18@schub.com','BENITAD18PWD'),(21,1,2,'2022209RM',14,'RM42473798njsyrxouos','2017-03-25 02:17:06','RICCO','MARINEL','RICCOM14@schub.com','RICCOM14PWD'),(23,2,2,'2021210HG',29,'HG99051972yxcfhjdrbl','2017-03-25 02:17:06','HUGA','GILL','HUGAG29@schub.com','HUGAG29PWD'),(27,2,4,'2021211JE',27,'JE21983754vhvxprkgjh','2017-03-25 02:17:06','JARRYN','ELGENNE','JARRYNE27@schub.com','JARRYNE27PWD'),(23,1,3,'2022212GK',16,'GK36205652vbazdkgvxp','2017-03-25 02:17:06','GIACOMO','KIMON','GIACOMOK16@schub.com','GIACOMOK16PWD'),(18,1,4,'2022213NK',28,'NK35122859mquyiqkjui','2017-03-25 02:17:06','NETHANEEL','KALVYN','NETHANEELK28@schub.com','NETHANEELK28PWD'),(19,2,2,'2021214SR',15,'SR91048666khexcfkmif','2017-03-25 02:17:06','STEVHEN','RUBEIN','STEVHENR15@schub.com','STEVHENR15PWD'),(29,1,1,'2022215TG',27,'TG72848946cibtzqvvyr','2017-03-25 02:17:06','THEOH','GURSHAN','THEOHG27@schub.com','THEOHG27PWD'),(19,1,4,'2022216PT',29,'PT67497533qpyjbfksrr','2017-03-25 02:17:06','PETRUS','TORRENCE','PETRUST29@schub.com','PETRUST29PWD'),(22,1,1,'2022217GI',7,'GI67825508jqaandierq','2017-03-25 02:17:06','GAGE','INDEE','GAGEI7@schub.com','GAGEI7PWD'),(25,2,2,'2021218GK',17,'GK33767927eghwsyibse','2017-03-25 02:17:06','GALE','KOOPER','GALEK17@schub.com','GALEK17PWD'),(22,1,2,'2022219AM',25,'AM45747174glruijtdgj','2017-03-25 02:17:06','ARA','MARIANTONIO','ARAM25@schub.com','ARAM25PWD'),(17,1,1,'2022220EH',1,'EH64129532zcarnbjmqa','2017-03-25 02:17:06','ETHEL','HECTOR','ETHELH1@schub.com','ETHELH1PWD'),(22,2,3,'2021221DF',26,'DF27933634uwpvynnyvi','2017-03-25 02:17:06','DENTON','FRENKI','DENTONF26@schub.com','DENTONF26PWD'),(23,1,2,'2022222JC',29,'JC73199668sdzwlotxez','2017-03-25 02:17:06','JOK','CHRISTOPFER','JOKC29@schub.com','JOKC29PWD'),(23,1,1,'2022223KD',21,'KD80145676jqqdpyrale','2017-03-25 02:17:06','KALHARA','DAZZA','KALHARAD21@schub.com','KALHARAD21PWD'),(21,1,2,'2022224AE',6,'AE27420399jcdnobsuux','2017-03-25 02:17:06','ANGIOLINO','ERTAN','ANGIOLINOE6@schub.com','ANGIOLINOE6PWD'),(19,2,4,'2021225KD',8,'KD97158438dxfxuwcrgk','2017-03-25 02:17:06','KIM-LONG','DIO','KIM-LONGD8@schub.com','KIM-LONGD8PWD'),(26,2,3,'2021226JM',22,'JM49156007zbkyxgotxd','2017-03-25 02:17:06','JAIYE','MOHAMED-IBRAHIM','JAIYEM22@schub.com','JAIYEM22PWD'),(25,1,1,'2022227AC',20,'AC79974723jrvddbgcji','2017-03-25 02:17:06','ARIIL','CORRIE','ARIILC20@schub.com','ARIILC20PWD'),(18,1,4,'2022228OT',17,'OT25054181meuwengsoz','2017-03-25 02:17:06','ORREY','TOTYERGILL','ORREYT17@schub.com','ORREYT17PWD'),(22,1,4,'2022229BD',5,'BD34103512mmoaofodij','2017-03-25 02:17:06','BAKR','DERREN','BAKRD5@schub.com','BAKRD5PWD'),(25,1,3,'2022230KE',3,'KE49020155mmjwkajtwm','2017-03-25 02:17:06','KOSTAS','EROS','KOSTASE3@schub.com','KOSTASE3PWD'),(21,2,2,'2021231RD',28,'RD27348119zyplwtjvrb','2017-03-25 02:17:06','RUCAN','DEXLEY','RUCAND28@schub.com','RUCAND28PWD'),(18,2,2,'2021232BL',7,'BL68519901hpdrsmihem','2017-03-25 02:17:06','BAYAR','LEIGHLAN','BAYARL7@schub.com','BAYARL7PWD'),(21,2,3,'2021233AJ',10,'AJ64818262cdftrkcrde','2017-03-25 02:17:06','ARVED','JERAD','ARVEDJ10@schub.com','ARVEDJ10PWD'),(26,2,4,'2021234XD',26,'XD35196825rvdhyoqphy','2017-03-25 02:17:06','XENOPHON','DELWIN','XENOPHOND26@schub.com','XENOPHOND26PWD'),(19,2,2,'2021235KH',13,'KH41300829sktllphsds','2017-03-25 02:17:06','KWORK','HARSHA','KWORKH13@schub.com','KWORKH13PWD'),(28,1,2,'2022236BR',18,'BR20524800milesxcnxd','2017-03-25 02:17:06','BALSEHAJ','REEPHKAT','BALSEHAJR18@schub.com','BALSEHAJR18PWD'),(29,1,2,'2022237DH',6,'DH77800546oohkrcbgsb','2017-03-25 02:17:06','DANYAEL','HUUBERT','DANYAELH6@schub.com','DANYAELH6PWD'),(28,2,4,'2021238DJ',8,'DJ55644469xxuqwrnujq','2017-03-25 02:17:06','DANIL','JEAREN','DANILJ8@schub.com','DANILJ8PWD'),(25,1,4,'2022239NS',17,'NS20419471uqtormuvpj','2017-03-25 02:17:06','NINA','SIEN','NINAS17@schub.com','NINAS17PWD'),(17,2,2,'2021240RF',29,'RF38362087hnsiswzvoc','2017-03-25 02:17:06','RAIPH','FALLON','RAIPHF29@schub.com','RAIPHF29PWD'),(26,2,2,'2021241LS',23,'LS80668862nzmxgelcnx','2017-03-25 02:17:06','LYATTE','STRATH','LYATTES23@schub.com','LYATTES23PWD'),(27,2,2,'2021242BN',29,'BN54844219tixrxgyeef','2017-03-25 02:17:06','BERGAN','NATHANEIL','BERGANN29@schub.com','BERGANN29PWD'),(16,2,3,'2021243KJ',17,'KJ32716404drjduwwsgl','2017-03-25 02:17:06','KLITOS','JAK','KLITOSJ17@schub.com','KLITOSJ17PWD'),(18,2,4,'2021244BZ',29,'BZ22009569duzccvhzaz','2017-03-25 02:17:06','BRYCEN','ZENING','BRYCENZ29@schub.com','BRYCENZ29PWD'),(24,2,4,'2021245AY',28,'AY70535821eysnfnnifk','2017-03-25 02:17:06','ARULAN','YOSHUA','ARULANY28@schub.com','ARULANY28PWD'),(19,1,4,'2022246DD',24,'DD57178160bdeeckualu','2017-03-25 02:17:06','DARDAN','DONAVAN','DARDAND24@schub.com','DARDAND24PWD'),(25,2,2,'2021247MQ',2,'MQ44058641shyjatpgox','2017-03-25 02:17:06','MISCAL','QUILLAN','MISCALQ2@schub.com','MISCALQ2PWD'),(23,1,4,'2022248DJ',24,'DJ15039734ykytbmpqil','2017-03-25 02:17:06','DAIMLER','JOSHLIN','DAIMLERJ24@schub.com','DAIMLERJ24PWD'),(23,1,4,'2022249KD',16,'KD35534327vzgufnehdj','2017-03-25 02:17:06','KHALIB','DRAIVEN','KHALIBD16@schub.com','KHALIBD16PWD'),(24,2,2,'2021250PN',20,'PN36627146chvoqcecph','2017-03-25 02:17:06','PAK','NILA','PAKN20@schub.com','PAKN20PWD'),(30,1,4,'2022251BP',21,'BP18742632jqwdvcjvgp','2017-03-25 02:17:06','BELLAMY','PATOR','BELLAMYP21@schub.com','BELLAMYP21PWD'),(28,2,2,'2021252FY',8,'FY40114228xbrckjzptx','2017-03-25 02:17:06','FRANCESO','YENUL','FRANCESOY8@schub.com','FRANCESOY8PWD'),(28,1,4,'2022253DB',18,'DB42890460icqpmybwqw','2017-03-25 02:17:06','DAI-PHUOC','BUTCH','DAI-PHUOCB18@schub.com','DAI-PHUOCB18PWD'),(21,2,4,'2021254EV',16,'EV82667932zkyagxijqr','2017-03-25 02:17:06','ERWYN','VANYA','ERWYNV16@schub.com','ERWYNV16PWD'),(21,1,2,'2022255AH',24,'AH40109210fatnivxcdt','2017-03-25 02:17:06','ATID','HIMBAZWA','ATIDH24@schub.com','ATIDH24PWD'),(21,1,1,'2022256JH',9,'JH75444744xbufjroals','2017-03-25 02:17:06','JIAN-KAI','HARVARD','JIAN-KAIH9@schub.com','JIAN-KAIH9PWD'),(24,1,4,'2022257ZB',18,'ZB99269435bufstasnsv','2017-03-25 02:17:06','ZIBEON','BEECHER','ZIBEONB18@schub.com','ZIBEONB18PWD'),(29,1,2,'2022258TM',8,'TM41012698jpjnqonoou','2017-03-25 02:17:06','TYRHESE','MERVYN','TYRHESEM8@schub.com','TYRHESEM8PWD'),(22,1,4,'2022259LK',2,'LK90276695nsndwjugca','2017-03-25 02:17:06','LEUWIN','KELLY-ANNE','LEUWINK2@schub.com','LEUWINK2PWD'),(30,1,4,'2022260SJ',3,'SJ40886208fmxzuzkwgd','2017-03-25 02:17:06','SAMNOEURN','JUBIN','SAMNOEURNJ3@schub.com','SAMNOEURNJ3PWD'),(18,2,4,'2021261TS',10,'TS21516522sumnavexno','2017-03-25 02:17:06','TRUNG-MINH','STAVROULA','TRUNG-MINHS10@schub.com','TRUNG-MINHS10PWD'),(16,2,2,'2021262AA',24,'AA69465890gjoeiuzfij','2017-03-25 02:17:06','ATAKAN','AARSH','ATAKANA24@schub.com','ATAKANA24PWD'),(27,1,2,'2022263NH',12,'NH56127999fmzhotjfqs','2017-03-25 02:17:06','NIKALAUS','HAOYUAN','NIKALAUSH12@schub.com','NIKALAUSH12PWD'),(16,2,4,'2021264AM',25,'AM82982542vtituqfokj','2017-03-25 02:17:06','ABUBAKAR','MATHESON','ABUBAKARM25@schub.com','ABUBAKARM25PWD'),(16,1,2,'2022265RK',14,'RK35122765zdcrxovcuq','2017-03-25 02:17:06','ROSCOE','KADELL','ROSCOEK14@schub.com','ROSCOEK14PWD'),(22,2,3,'2021266JJ',22,'JJ63853504ryglnvcifc','2017-03-25 02:17:06','JAMUS','JHUN','JAMUSJ22@schub.com','JAMUSJ22PWD'),(24,2,2,'2021267JR',27,'JR52702385vvfbgjjwon','2017-03-25 02:17:06','JAVAN','ROSINA','JAVANR27@schub.com','JAVANR27PWD'),(26,1,2,'2022268AM',12,'AM73472664nlactpcnei','2017-03-25 02:17:06','ALYX','MOHOMMED','ALYXM12@schub.com','ALYXM12PWD'),(25,2,4,'2021269HA',22,'HA15005725squkpemnlr','2017-03-25 02:17:06','HUSEYIN','ALMONT','HUSEYINA22@schub.com','HUSEYINA22PWD'),(29,2,3,'2021270PT',16,'PT81225508montjbirtf','2017-03-25 02:17:06','POKOHO','THORN','POKOHOT16@schub.com','POKOHOT16PWD'),(30,1,1,'2022271AT',10,'AT83742102jckkogbxcb','2017-03-25 02:17:06','AZHRUDIN','TIOFANI','AZHRUDINT10@schub.com','AZHRUDINT10PWD'),(21,2,4,'2021272AK',11,'AK44563587iohodrhimk','2017-03-25 02:17:06','ANDRIAN','KIRI','ANDRIANK11@schub.com','ANDRIANK11PWD'),(23,1,1,'2022273EV',27,'EV98144843cfmnwogfdl','2017-03-25 02:17:06','EDYN','VERE','EDYNV27@schub.com','EDYNV27PWD'),(22,2,4,'2021274TA',4,'TA16059526ylcszakafg','2017-03-25 02:17:06','TRACY-ANNE','ALYOSHA','TRACY-ANNEA4@schub.com','TRACY-ANNEA4PWD'),(19,1,2,'2022275WP',3,'WP24188744tqkcdwakky','2017-03-25 02:17:06','WINAY','POARA','WINAYP3@schub.com','WINAYP3PWD'),(28,1,4,'2022276NR',26,'NR89131545wetdvnmigs','2017-03-25 02:17:06','NICCOLO','RIAAN','NICCOLOR26@schub.com','NICCOLOR26PWD'),(23,2,2,'2021277RS',12,'RS52467416ydtufwmnpe','2017-03-25 02:17:06','RICCARD','SHANDOR','RICCARDS12@schub.com','RICCARDS12PWD'),(19,2,3,'2021278KP',23,'KP15713626hjcjeuewco','2017-03-25 02:17:06','KEAGEN','PANAYOT','KEAGENP23@schub.com','KEAGENP23PWD'),(28,1,1,'2022279SD',29,'SD91895757szzlihnzwp','2017-03-25 02:17:06','SYAAR','DENZO','SYAARD29@schub.com','SYAARD29PWD'),(19,2,3,'2021280JT',6,'JT86383183tqmdylepbc','2017-03-25 02:17:06','JURAND','TEFIK','JURANDT6@schub.com','JURANDT6PWD'),(29,2,2,'2021281VT',13,'VT27689434utraegfbou','2017-03-25 02:17:06','VATTANA','TAKAYUKI','VATTANAT13@schub.com','VATTANAT13PWD'),(22,1,1,'2022282TT',4,'TT73671517ifgmkmdmvl','2017-03-25 02:17:06','TONNIE','TIMOTEJS','TONNIET4@schub.com','TONNIET4PWD'),(17,1,3,'2022283VJ',17,'VJ94045201klwlxdvvcx','2017-03-25 02:17:06','VERITY','JAMIMMA','VERITYJ17@schub.com','VERITYJ17PWD'),(20,1,3,'2022284IK',25,'IK67627727chznswhtgv','2017-03-25 02:17:06','IVANO','KOUNKIA','IVANOK25@schub.com','IVANOK25PWD'),(16,1,4,'2022285OT',3,'OT93483885rogwokwzlx','2017-03-25 02:17:06','ORESTIS','TEONE','ORESTIST3@schub.com','ORESTIST3PWD'),(26,1,2,'2022286AP',21,'AP72342056mpeayjzonl','2017-03-25 02:17:06','ANOOP','PHACK','ANOOPP21@schub.com','ANOOPP21PWD'),(16,1,1,'2022287DD',23,'DD12568184xhxajonrcz','2017-03-25 02:17:06','DIVIT','DRIZZT','DIVITD23@schub.com','DIVITD23PWD'),(23,2,4,'2021288NB',27,'NB67448926xqkcrnngez','2017-03-25 02:17:06','NIFE','BLAIZE-AANTON','NIFEB27@schub.com','NIFEB27PWD'),(21,2,3,'2021289VA',7,'VA59344862pqenxqqznx','2017-03-25 02:17:06','VAHN','AFFAAN','VAHNA7@schub.com','VAHNA7PWD'),(20,2,4,'2021290DY',16,'DY13899996owvdghegoi','2017-03-25 02:17:06','DANEK','YACQUB-ABDIKARIM','DANEKY16@schub.com','DANEKY16PWD'),(20,2,4,'2021291KB',11,'KB65858084prwlgdoorl','2017-03-25 02:17:06','KONSTANTY','BROCAN','KONSTANTYB11@schub.com','KONSTANTYB11PWD'),(24,1,4,'2022292NE',1,'NE49078501ktbzapsixl','2017-03-25 02:17:06','NIKORA','EHTASHAM','NIKORAE1@schub.com','NIKORAE1PWD'),(19,2,2,'2021293KK',22,'KK41184001natshxanie','2017-03-25 02:17:06','KITO','KONSTANDINA','KITOK22@schub.com','KITOK22PWD'),(29,2,3,'2021294TD',13,'TD32533103ebfgfpvccl','2017-03-25 02:17:06','TOSHAN','DAIVD','TOSHAND13@schub.com','TOSHAND13PWD'),(24,1,4,'2022295JM',4,'JM46440946rvtvjltfyv','2017-03-25 02:17:06','JADEN-HUNG','MARBUK','JADEN-HUNGM4@schub.com','JADEN-HUNGM4PWD'),(23,1,3,'2022296ZP',20,'ZP89719181urdgrkwezo','2017-03-25 02:17:06','ZEFF','PHILLIPS','ZEFFP20@schub.com','ZEFFP20PWD'),(18,1,1,'2022297AT',1,'AT79233869iurrxrivul','2017-03-25 02:17:06','ARCHER','TAZIYAH','ARCHERT1@schub.com','ARCHERT1PWD'),(16,1,1,'2022298NQ',18,'NQ36526772jidshwunfr','2017-03-25 02:17:06','NAZARETH','QUANG-HUY','NAZARETHQ18@schub.com','NAZARETHQ18PWD'),(24,2,2,'2021299EM',1,'EM34525323xfumcxldhy','2017-03-25 02:17:06','EMJAI','MIHAN','EMJAIM1@schub.com','EMJAIM1PWD'),(20,1,3,'2022300BT',9,'BT92861859hpyvqcbofe','2017-03-25 02:17:06','BLAKE-STEPHEN','TADHG','BLAKE-STEPHENT9@schub.com','BLAKE-STEPHENT9PWD'),(21,2,3,'2021301JR',8,'JR13419393smrihpovjy','2017-03-25 02:17:06','JAYDEN-JOSEPH','REFIK','JAYDEN-JOSEPHR8@schub.com','JAYDEN-JOSEPHR8PWD'),(27,2,2,'2021302BM',20,'BM88794276cpfgiefxxi','2017-03-25 02:17:06','BENJAMIN-PAUL','MAJED','BENJAMIN-PAULM20@schub.com','BENJAMIN-PAULM20PWD'),(26,1,4,'2022303RC',20,'RC14249857zrfaysrkkh','2017-03-25 02:17:06','RORI','CAVENETT','RORIC20@schub.com','RORIC20PWD'),(24,2,3,'2021304NG',10,'NG66474482elohucvsgp','2017-03-25 02:17:06','NAZARIO','GEOFFROY','NAZARIOG10@schub.com','NAZARIOG10PWD'),(22,1,1,'2022305GT',1,'GT98850357ygcgtadjhp','2017-03-25 02:17:06','GENESIO','TJANDAMURRA','GENESIOT1@schub.com','GENESIOT1PWD'),(21,2,2,'2021306AC',24,'AC62918926ouhiqitrum','2017-03-25 02:17:06','ANSON','CHADY','ANSONC24@schub.com','ANSONC24PWD'),(24,2,4,'2021307CM',20,'CM40432471ctnpracdyj','2017-03-25 02:17:06','CIRO','MAITU','CIROM20@schub.com','CIROM20PWD'),(18,1,2,'2022308DM',17,'DM44103934rzfbgfheaa','2017-03-25 02:17:06','DEONTAE','MINJO','DEONTAEM17@schub.com','DEONTAEM17PWD'),(19,2,3,'2021309FE',26,'FE81464176snualjvobq','2017-03-25 02:17:06','FATEH','ENAGELO','FATEHE26@schub.com','FATEHE26PWD'),(19,1,4,'2022310JT',17,'JT16962583gjqkvvytax','2017-03-25 02:17:06','JOURDON','TRI','JOURDONT17@schub.com','JOURDONT17PWD'),(16,2,2,'2021311AS',13,'AS80425358nnowewbgle','2017-03-25 02:17:06','AYUEL','STEVEN-GEORG','AYUELS13@schub.com','AYUELS13PWD'),(30,2,3,'2021312CS',13,'CS91954953eqbirhtxuj','2017-03-25 02:17:06','CARY','SUNDARA','CARYS13@schub.com','CARYS13PWD'),(17,2,2,'2021313MB',9,'MB80020527lyvnfwvely','2017-03-25 02:17:06','MITCH','BRINSLEY','MITCHB9@schub.com','MITCHB9PWD'),(25,2,4,'2021314RK',7,'RK94648754qmpohmqesa','2017-03-25 02:17:06','RANDON','KOEWYN','RANDONK7@schub.com','RANDONK7PWD'),(17,1,4,'2022315NK',3,'NK46183135nbzjtjiwmi','2017-03-25 02:17:06','NIKIE','KENNETT','NIKIEK3@schub.com','NIKIEK3PWD'),(24,1,3,'2022316KS',20,'KS82743619lkpnvriumh','2017-03-25 02:17:06','KEHNIS','SARK-BERTRAM','KEHNISS20@schub.com','KEHNISS20PWD'),(30,2,2,'2021317CR',9,'CR15100134djzmgkyfuc','2017-03-25 02:17:06','CARLOS-ROBERTO','RAIMONDS','CARLOS-ROBERTOR9@schub.com','CARLOS-ROBERTOR9PWD'),(27,2,3,'2021318NG',9,'NG13452393mrgeylhnov','2017-03-25 02:17:06','NICKOLIAS','GUISEPPE','NICKOLIASG9@schub.com','NICKOLIASG9PWD'),(26,2,2,'2021319FP',16,'FP87162844hzqmuqrwpx','2017-03-25 02:17:06','FABRICE','PRERIT','FABRICEP16@schub.com','FABRICEP16PWD'),(25,2,3,'2021320KA',24,'KA80541808xyzxkicsve','2017-03-25 02:17:06','KLEM','AAMON','KLEMA24@schub.com','KLEMA24PWD'),(22,1,3,'2022321CC',9,'CC96957755kmshzradgc','2017-03-25 02:17:06','CASSIE','CHET','CASSIEC9@schub.com','CASSIEC9PWD'),(25,2,4,'2021322ZH',28,'ZH59965730icpqvkzdkk','2017-03-25 02:17:06','ZOREN','HAR','ZORENH28@schub.com','ZORENH28PWD'),(25,2,2,'2021323EP',5,'EP68379446bdleczihpi','2017-03-25 02:17:06','EMMANOUIL','PETERIS','EMMANOUILP5@schub.com','EMMANOUILP5PWD'),(28,2,4,'2021324SB',3,'SB98158071bstopjyheo','2017-03-25 02:17:06','SHANE','BRAESON','SHANEB3@schub.com','SHANEB3PWD'),(29,2,2,'2021325JA',22,'JA11216368oagxveizee','2017-03-25 02:17:06','JANISH','AZARO','JANISHA22@schub.com','JANISHA22PWD'),(17,2,3,'2021326MS',11,'MS51969598udcfjrafdx','2017-03-25 02:17:06','MICHELAINE','SAMBO','MICHELAINES11@schub.com','MICHELAINES11PWD'),(29,2,3,'2021327EF',13,'EF18710807mwyyolmcaa','2017-03-25 02:17:06','ENRIC','FERUZ','ENRICF13@schub.com','ENRICF13PWD'),(17,2,4,'2021328LK',20,'LK15345688wdxdprzmus','2017-03-25 02:17:06','LOGAN','KODEN','LOGANK20@schub.com','LOGANK20PWD'),(21,1,2,'2022329CM',17,'CM15705229ykpmzyzvcp','2017-03-25 02:17:06','CALLAHAN','MINGMA','CALLAHANM17@schub.com','CALLAHANM17PWD'),(17,1,1,'2022330RH',19,'RH40967028mqzahiynrr','2017-03-25 02:17:06','RAYMUND','HASSNAIN','RAYMUNDH19@schub.com','RAYMUNDH19PWD'),(30,2,2,'2021331JN',29,'JN25630729cqmzjodppw','2017-03-25 02:17:06','JEIK','NIVEN','JEIKN29@schub.com','JEIKN29PWD'),(17,1,2,'2022332AM',22,'AM14021294zfzsdsmsiq','2017-03-25 02:17:06','ARNALD','MATHEW','ARNALDM22@schub.com','ARNALDM22PWD'),(18,2,3,'2021333OS',17,'OS27765371hffxrsmdjf','2017-03-25 02:17:06','OZIAS','SHAIN','OZIASS17@schub.com','OZIASS17PWD'),(26,1,1,'2022334CS',24,'CS49108841snyraqxlab','2017-03-25 02:17:06','CADHAN','SINETH','CADHANS24@schub.com','CADHANS24PWD'),(25,2,3,'2021335DL',7,'DL19519365vfxtewepmc','2017-03-25 02:17:06','DIONINO','LINSEY','DIONINOL7@schub.com','DIONINOL7PWD'),(21,1,3,'2022336PF',10,'PF78577368bpfilubppr','2017-03-25 02:17:06','PRESTEN','FAZAEL','PRESTENF10@schub.com','PRESTENF10PWD'),(17,2,4,'2021337KS',27,'KS78440667ostktcvjcq','2017-03-25 02:17:06','KC','SABATINO','KCS27@schub.com','KCS27PWD'),(27,2,2,'2021338SS',11,'SS80067997xzvbcikbbu','2017-03-25 02:17:06','STERLYNG','SUCHART','STERLYNGS11@schub.com','STERLYNGS11PWD'),(29,2,2,'2021339TZ',4,'TZ46757870rsxxreetls','2017-03-25 02:17:06','TANYA-ANNE','ZARATHUSTRA','TANYA-ANNEZ4@schub.com','TANYA-ANNEZ4PWD'),(16,1,2,'2022340KL',29,'KL97660689bwtdjvfxxz','2017-03-25 02:17:06','KUSH','LEE-AARON','KUSHL29@schub.com','KUSHL29PWD'),(25,2,4,'2021341JA',19,'JA37155739vjofqxqrfq','2017-03-25 02:17:06','JOH','ALAIN','JOHA19@schub.com','JOHA19PWD'),(19,2,3,'2021342KA',25,'KA73795039luqibnrlhx','2017-03-25 02:17:06','KAIH','AERTON','KAIHA25@schub.com','KAIHA25PWD'),(18,1,2,'2022343AT',12,'AT91197451mvgzcmihra','2017-03-25 02:17:06','ARMI-JAMES','TUAN-TAI-ANDY','ARMI-JAMEST12@schub.com','ARMI-JAMEST12PWD'),(25,1,2,'2022344OE',22,'OE22954601vhtuggjzwt','2017-03-25 02:17:06','ORRYN','EASTON','ORRYNE22@schub.com','ORRYNE22PWD'),(19,2,2,'2021345JR',28,'JR81606224wuhctssvte','2017-03-25 02:17:06','JOHAN','RIZOS','JOHANR28@schub.com','JOHANR28PWD'),(21,1,1,'2022346VN',28,'VN36037691mibjojtpcq','2017-03-25 02:17:06','VANGELOS','NEVILLE-GRANT','VANGELOSN28@schub.com','VANGELOSN28PWD'),(17,2,3,'2021347AN',28,'AN44977904osvtpmypta','2017-03-25 02:17:06','ATTICUS-ERIC','NIKTARIOS','ATTICUS-ERICN28@schub.com','ATTICUS-ERICN28PWD'),(24,1,4,'2022348RY',5,'RY72050651smdrcxitxq','2017-03-25 02:17:06','RAYMAND','YAYOUN','RAYMANDY5@schub.com','RAYMANDY5PWD'),(25,2,2,'2021349AX',11,'AX48505291ysnzkickww','2017-03-25 02:17:06','ANGONG','XIA','ANGONGX11@schub.com','ANGONGX11PWD'),(24,1,4,'2022350VO',11,'VO12014131gkhhtykerh','2017-03-25 02:17:06','VIRON','OUSAMA','VIRONO11@schub.com','VIRONO11PWD'),(25,2,2,'2021351KR',17,'KR43921454zixojkvsba','2017-03-25 02:17:06','KHESAN','RAJESH','KHESANR17@schub.com','KHESANR17PWD'),(20,2,3,'2021352KL',26,'KL53920129xomffrzwfy','2017-03-25 02:17:06','KERAN','LAZ','KERANL26@schub.com','KERANL26PWD'),(22,2,4,'2021353KR',26,'KR39946715grhmiezdee','2017-03-25 02:17:06','KALEAB','RENNE','KALEABR26@schub.com','KALEABR26PWD'),(24,1,4,'2022354IA',29,'IA87721807lweyvawmrg','2017-03-25 02:17:06','IDRES','ADITTO','IDRESA29@schub.com','IDRESA29PWD'),(24,2,3,'2021355WA',3,'WA92163487ccbofzkyrx','2017-03-25 02:17:06','WEMBRY','AMRITPAL','WEMBRYA3@schub.com','WEMBRYA3PWD'),(24,2,3,'2021356DJ',28,'DJ87663339dxmcdhfcoc','2017-03-25 02:17:06','DILINGER','JOSEPH-LEIGH','DILINGERJ28@schub.com','DILINGERJ28PWD'),(28,1,4,'2022357DT',14,'DT48971400imnwtxemhk','2017-03-25 02:17:06','DENEKE','TARJH','DENEKET14@schub.com','DENEKET14PWD'),(30,1,2,'2022358HM',26,'HM35191733ucjueqtnwz','2017-03-25 02:17:06','HOMER','MARGAREETA','HOMERM26@schub.com','HOMERM26PWD'),(30,1,1,'2022359RJ',3,'RJ38534374dodmjmjbpy','2017-03-25 02:17:06','RAINE','JAMES-ALDINSON','RAINEJ3@schub.com','RAINEJ3PWD'),(16,2,2,'2021360HN',20,'HN75892017dbnzxvdaaa','2017-03-25 02:17:06','HENREY','NED-OLIVER','HENREYN20@schub.com','HENREYN20PWD'),(24,2,4,'2021361GA',27,'GA95265848hucrsgllyf','2017-03-25 02:17:06','GIAN-MARCO','ADEKIITE','GIAN-MARCOA27@schub.com','GIAN-MARCOA27PWD'),(22,2,2,'2021362RJ',7,'RJ17295792pimrzpkpiv','2017-03-25 02:17:06','ROREE','JUSTIS','ROREEJ7@schub.com','ROREEJ7PWD'),(16,1,4,'2022363HK',3,'HK50683481cashvbkeam','2017-03-25 02:17:06','HANYU','KIMITO','HANYUK3@schub.com','HANYUK3PWD'),(22,1,3,'2022364VJ',14,'VJ12383767fgaktiyqtb','2017-03-25 02:17:06','VIGILIO','JAYTEAL','VIGILIOJ14@schub.com','VIGILIOJ14PWD'),(30,1,2,'2022365ZG',28,'ZG68682269wvwzskueyb','2017-03-25 02:17:06','ZIGGI','GODSLOVE','ZIGGIG28@schub.com','ZIGGIG28PWD'),(18,2,4,'2021366HS',29,'HS76730547rhvpyzuzlb','2017-03-25 02:17:06','HALIL-IBRAHIM','SAMIER','HALIL-IBRAHIMS29@schub.com','HALIL-IBRAHIMS29PWD'),(29,1,2,'2022367ZP',17,'ZP31359876xbvjllegxp','2017-03-25 02:17:06','ZENJI','PABLO-PEDRO','ZENJIP17@schub.com','ZENJIP17PWD'),(30,2,3,'2021368AC',17,'AC50282997lwuxzrpyfg','2017-03-25 02:17:06','ANDREW-WALTER','CHARJAR','ANDREW-WALTERC17@schub.com','ANDREW-WALTERC17PWD'),(24,2,3,'2021369RJ',19,'RJ85267597kkpkudzimd','2017-03-25 02:17:06','ROBBE','JAI','ROBBEJ19@schub.com','ROBBEJ19PWD'),(29,1,3,'2022370JG',8,'JG66340188wkdiovfcpx','2017-03-25 02:17:06','JADISON','GERAD','JADISONG8@schub.com','JADISONG8PWD'),(28,2,2,'2021371LC',4,'LC71903958tttcwdxywx','2017-03-25 02:17:06','LEE-J','CLAUS-DIETER','LEE-JC4@schub.com','LEE-JC4PWD'),(22,1,2,'2022372SG',29,'SG88126800sshcmxiuwm','2017-03-25 02:17:06','STERGOS','GEORGIN','STERGOSG29@schub.com','STERGOSG29PWD'),(29,2,4,'2021373TT',1,'TT16552296varlmgmkss','2017-03-25 02:17:06','TAIDEN','TUI-NI-VESA','TAIDENT1@schub.com','TAIDENT1PWD'),(23,1,4,'2022374PC',23,'PC99539987fgsgxgsczq','2017-03-25 02:17:06','PRIYANSU','CHRISTOPHE','PRIYANSUC23@schub.com','PRIYANSUC23PWD'),(29,2,3,'2021375AP',18,'AP46170698lwyedmmdao','2017-03-25 02:17:06','ANURAAG','PHILLI','ANURAAGP18@schub.com','ANURAAGP18PWD'),(28,1,1,'2022376HG',20,'HG88378528bvrcmtwmnt','2017-03-25 02:17:06','HASSEN','GEORGEOUS','HASSENG20@schub.com','HASSENG20PWD'),(22,1,3,'2022377TS',6,'TS27846932ezvypeetmh','2017-03-25 02:17:06','THEOFANIS','SAIBER','THEOFANISS6@schub.com','THEOFANISS6PWD'),(23,1,1,'2022378GF',1,'GF21987165tyyiaflxbk','2017-03-25 02:17:06','GWENETH','FRAYDON','GWENETHF1@schub.com','GWENETHF1PWD'),(23,1,2,'2022379AO',16,'AO14114089hbjjzoyfyu','2017-03-25 02:17:06','AYUB','OBERON','AYUBO16@schub.com','AYUBO16PWD'),(25,1,4,'2022380LT',22,'LT48771990qbhezzvahf','2017-03-25 02:17:06','LYRIK','TIKHON','LYRIKT22@schub.com','LYRIKT22PWD'),(20,2,4,'2021381ZJ',24,'ZJ94460729wwchdneqwy','2017-03-25 02:17:06','ZENEK','JEIDEN','ZENEKJ24@schub.com','ZENEKJ24PWD'),(23,2,2,'2021382EO',25,'EO53148523ruhlyevviu','2017-03-25 02:17:06','ENZE','OLMO','ENZEO25@schub.com','ENZEO25PWD'),(21,2,3,'2021383RM',21,'RM94937533dcndlauunk','2017-03-25 02:17:06','RYSIU','MCKIE','RYSIUM21@schub.com','RYSIUM21PWD'),(17,2,4,'2021384BR',2,'BR88821239vppxkyobzk','2017-03-25 02:17:06','BALYN','RILEE','BALYNR2@schub.com','BALYNR2PWD'),(20,2,3,'2021385ST',10,'ST89239701zyjlmapino','2017-03-25 02:17:06','SULI','TRAVON','SULIT10@schub.com','SULIT10PWD'),(18,1,1,'2022386KX',11,'KX55021370bmopguleti','2017-03-25 02:17:06','KIRATBIR','XANDER','KIRATBIRX11@schub.com','KIRATBIRX11PWD'),(20,2,2,'2021387FS',3,'FS90483844fjsvksvpwy','2017-03-25 02:17:06','FYN','SABASTIEN','FYNS3@schub.com','FYNS3PWD'),(22,2,4,'2021388JG',26,'JG91695513mkcihwkxqy','2017-03-25 02:17:06','JHAELEN','GETHYN','JHAELENG26@schub.com','JHAELENG26PWD'),(24,2,3,'2021389MK',4,'MK86387217thppfrgqnu','2017-03-25 02:17:06','MALAQUI','KASEY-RENEE','MALAQUIK4@schub.com','MALAQUIK4PWD'),(16,1,2,'2022390ID',20,'ID92976186pzuhkgnjdl','2017-03-25 02:17:06','IIAN','DEKLIN','IIAND20@schub.com','IIAND20PWD'),(27,2,2,'2021391KJ',7,'KJ86636131hbipvfzojp','2017-03-25 02:17:06','KAMDEN','JAVIER','KAMDENJ7@schub.com','KAMDENJ7PWD'),(16,2,2,'2021392TS',13,'TS59209338oamogwmpvk','2017-03-25 02:17:06','TY','SEQUOIA','TYS13@schub.com','TYS13PWD'),(22,1,1,'2022393JC',1,'JC55632091xwxrvcwbbq','2017-03-25 02:17:06','JARA','COVE','JARAC1@schub.com','JARAC1PWD'),(26,1,4,'2022394KZ',25,'KZ31700741uiejbekrox','2017-03-25 02:17:06','KISHNA','ZOUHEIR','KISHNAZ25@schub.com','KISHNAZ25PWD'),(22,1,1,'2022395SK',20,'SK90746850uhzkmlscvd','2017-03-25 02:17:06','SAMSON','KNOWLEDGE','SAMSONK20@schub.com','SAMSONK20PWD'),(28,1,2,'2022396TA',9,'TA94446938cjukekbjbn','2017-03-25 02:17:06','TRIVA-STAVRO','ALDON','TRIVA-STAVROA9@schub.com','TRIVA-STAVROA9PWD'),(22,2,4,'2021397AO',19,'AO69834002sphxhizaqf','2017-03-25 02:17:06','ANRTHONY','OVID','ANRTHONYO19@schub.com','ANRTHONYO19PWD'),(17,1,1,'2022398FB',17,'FB31282411zoaikekwes','2017-03-25 02:17:06','FORTUNARTO','BELIM','FORTUNARTOB17@schub.com','FORTUNARTOB17PWD'),(16,2,2,'2021399GA',12,'GA81559645mnepwnzpds','2017-03-25 02:17:06','GIANPIETRO','ASCE','GIANPIETROA12@schub.com','GIANPIETROA12PWD'),(23,2,4,'2021400CF',18,'CF48171112krqrbaazvs','2017-03-25 02:17:06','CHANLIE','FAIZ-UL-HAQ','CHANLIEF18@schub.com','CHANLIEF18PWD'),(20,2,3,'2021401BM',21,'BM72627701ivpdueapqe','2017-03-25 02:17:06','BANG','MELLACAS','BANGM21@schub.com','BANGM21PWD'),(21,2,4,'2021402KS',16,'KS92952901qfptdynmmh','2017-03-25 02:17:06','KHYRAN','SALIK','KHYRANS16@schub.com','KHYRANS16PWD'),(25,2,4,'2021403SA',24,'SA96301469nyeyieymqk','2017-03-25 02:17:06','SABASTIAN','ALEXIOS','SABASTIANA24@schub.com','SABASTIANA24PWD'),(30,1,1,'2022404EV',12,'EV23291168myfkskgbam','2017-03-25 02:17:06','ELIASZ','VALENTIJN','ELIASZV12@schub.com','ELIASZV12PWD'),(18,2,3,'2021405RV',17,'RV57248554ahqdirzldy','2017-03-25 02:17:06','RAYNE','VINH-TUONG','RAYNEV17@schub.com','RAYNEV17PWD'),(20,2,3,'2021406DJ',9,'DJ50282353uhtlcejhrc','2017-03-25 02:17:06','DARA','JENNIN-JAIDYN','DARAJ9@schub.com','DARAJ9PWD'),(20,2,3,'2021407BM',21,'BM65877185wsxmpvvkyy','2017-03-25 02:17:06','BRODAE','MARC-LEE','BRODAEM21@schub.com','BRODAEM21PWD'),(30,1,3,'2022408GM',17,'GM75243237ziplslgjud','2017-03-25 02:17:06','GHAGE','MYKE','GHAGEM17@schub.com','GHAGEM17PWD'),(30,2,3,'2021409KM',26,'KM80494449ffguyypgxe','2017-03-25 02:17:06','KON','MAURIZZIO','KONM26@schub.com','KONM26PWD'),(20,1,2,'2022410YW',7,'YW61629561xvcprgplsz','2017-03-25 02:17:06','YIZE','WAIKEAN','YIZEW7@schub.com','YIZEW7PWD'),(25,1,1,'2022411RR',24,'RR71523209oxxbitdrvg','2017-03-25 02:17:06','RAFE','RANDHIR','RAFER24@schub.com','RAFER24PWD'),(28,2,4,'2021412NT',29,'NT99681185zpdfswnuaa','2017-03-25 02:17:06','NYOK','TARJ','NYOKT29@schub.com','NYOKT29PWD'),(27,2,2,'2021413BC',7,'BC77111390okfgxcaopl','2017-03-25 02:17:06','BINYAMIN','CHAYDON','BINYAMINC7@schub.com','BINYAMINC7PWD'),(18,2,2,'2021414HQ',12,'HQ95262602yktdznpypf','2017-03-25 02:17:06','HENLEY','QUENTIN','HENLEYQ12@schub.com','HENLEYQ12PWD'),(28,2,4,'2021415JL',5,'JL60186518bqwurkdhzw','2017-03-25 02:17:06','JABEZ','LEONARDUS','JABEZL5@schub.com','JABEZL5PWD'),(30,1,1,'2022416TE',25,'TE89743805lqcukqrqws','2017-03-25 02:17:06','TE-AWA','ERIS','TE-AWAE25@schub.com','TE-AWAE25PWD'),(26,1,3,'2022417WD',9,'WD75950438mdkxkpavoc','2017-03-25 02:17:06','WILTSHIRE','DEEON','WILTSHIRED9@schub.com','WILTSHIRED9PWD'),(19,1,1,'2022418KP',9,'KP22093334csploysxuh','2017-03-25 02:17:06','KODIS','POLIDA','KODISP9@schub.com','KODISP9PWD'),(28,1,3,'2022419DI',26,'DI99742478jhgjiczpjp','2017-03-25 02:17:06','DANIELO','INDI-OAKLEN','DANIELOI26@schub.com','DANIELOI26PWD'),(20,2,3,'2021420DC',6,'DC11858268xbdltbkmhf','2017-03-25 02:17:06','DEVON','CENGIZHAN','DEVONC6@schub.com','DEVONC6PWD'),(25,2,2,'2021421BT',13,'BT97064670vsyswsqoyu','2017-03-25 02:17:06','BYUNG','TOLOMY','BYUNGT13@schub.com','BYUNGT13PWD'),(22,1,2,'2022422EH',19,'EH17087220olnuongsfn','2017-03-25 02:17:06','ERCOLE','HEI','ERCOLEH19@schub.com','ERCOLEH19PWD'),(23,1,1,'2022423JB',20,'JB94300840vphtcgumqg','2017-03-25 02:17:06','JILBERT','BRECON','JILBERTB20@schub.com','JILBERTB20PWD'),(24,1,1,'2022424ST',8,'ST16946020lbbgubuixp','2017-03-25 02:17:06','SUI','TROY-BASIL-ROSS','SUIT8@schub.com','SUIT8PWD'),(30,2,2,'2021425SP',9,'SP28861659bihgjkrvjx','2017-03-25 02:17:06','SHERONA','PANDIL','SHERONAP9@schub.com','SHERONAP9PWD'),(26,2,2,'2021426SM',20,'SM58608680rzxcvmvzts','2017-03-25 02:17:06','SHEREE','MIRWAN','SHEREEM20@schub.com','SHEREEM20PWD'),(28,1,4,'2022427JJ',17,'JJ17028142nhkredqgkf','2017-03-25 02:17:06','JOVIAN','JOURDAIN','JOVIANJ17@schub.com','JOVIANJ17PWD'),(23,2,4,'2021428MJ',11,'MJ10535190tvcbfprdld','2017-03-25 02:17:06','MEHIAL','JAYCEN','MEHIALJ11@schub.com','MEHIALJ11PWD'),(30,2,4,'2021429ER',11,'ER71853792oaaippsubb','2017-03-25 02:17:06','EFTIMIOS','RONWYN','EFTIMIOSR11@schub.com','EFTIMIOSR11PWD'),(18,1,4,'2022430MG',24,'MG43421813lcultopkch','2017-03-25 02:17:06','MOGDAD','GIANG','MOGDADG24@schub.com','MOGDADG24PWD'),(28,2,4,'2021431JS',13,'JS50446191dbksgxymvf','2017-03-25 02:17:06','JAZEPS','SIEGMUND','JAZEPSS13@schub.com','JAZEPSS13PWD'),(25,2,3,'2021432LB',27,'LB92100479dvnuunxggl','2017-03-25 02:17:06','LAWA','BRODIE-JACK','LAWAB27@schub.com','LAWAB27PWD'),(18,2,3,'2021433DK',11,'DK42148552milwhrbiqu','2017-03-25 02:17:06','DUSCHAN','KHRYSTOS','DUSCHANK11@schub.com','DUSCHANK11PWD'),(20,2,4,'2021434MI',6,'MI44364478pzbucgnauq','2017-03-25 02:17:06','MACKLIN','ILLE','MACKLINI6@schub.com','MACKLINI6PWD'),(26,2,2,'2021435RO',28,'RO42352772neyjcpwdxh','2017-03-25 02:17:06','RAYEED','OAKLEY','RAYEEDO28@schub.com','RAYEEDO28PWD'),(20,1,3,'2022436GE',18,'GE13581909fddtbjquzd','2017-03-25 02:17:06','GARIE','EBBEN','GARIEE18@schub.com','GARIEE18PWD'),(30,1,4,'2022437SC',8,'SC78810828ooloydhzww','2017-03-25 02:17:06','SAADY','CODY-JACK','SAADYC8@schub.com','SAADYC8PWD'),(20,2,4,'2021438JT',25,'JT47985764thvwzvmunp','2017-03-25 02:17:06','JARVYS','TAIKI','JARVYST25@schub.com','JARVYST25PWD'),(25,1,2,'2022439JM',6,'JM54966076obbkqwvcmp','2017-03-25 02:17:06','JACQUE','MARKANTONI','JACQUEM6@schub.com','JACQUEM6PWD'),(26,1,3,'2022440MS',1,'MS44965065kxarrcfjty','2017-03-25 02:17:06','MEMPHIS','SHAYLUM','MEMPHISS1@schub.com','MEMPHISS1PWD'),(28,2,2,'2021441SZ',2,'SZ54705628ygvbyfgcpw','2017-03-25 02:17:06','SIMRAN','ZEPPLIN','SIMRANZ2@schub.com','SIMRANZ2PWD'),(18,1,3,'2022442SG',15,'SG55746244jlaerhompa','2017-03-25 02:17:06','SABATIAN','GURVIR','SABATIANG15@schub.com','SABATIANG15PWD'),(28,2,3,'2021443ND',21,'ND94847486zzwmmmbykr','2017-03-25 02:17:06','NESLI','DOMONICO','NESLID21@schub.com','NESLID21PWD'),(24,1,2,'2022444HA',18,'HA24183707vatiblpuuc','2017-03-25 02:17:06','HEKTOR','ARAVIS','HEKTORA18@schub.com','HEKTORA18PWD'),(28,2,4,'2021445JW',3,'JW93090778qkyuzqunoc','2017-03-25 02:17:06','JAEYUN','WAVELY','JAEYUNW3@schub.com','JAEYUNW3PWD'),(21,1,1,'2022446YA',26,'YA44939626mwuiwzuhxw','2017-03-25 02:17:06','YU-HO','ABRAHAM-TIIMA','YU-HOA26@schub.com','YU-HOA26PWD'),(18,2,4,'2021447RM',2,'RM67908181ghydydfahj','2017-03-25 02:17:06','ROWIN','MIKHAILAN','ROWINM2@schub.com','ROWINM2PWD'),(20,2,3,'2021448RE',25,'RE94220787qaubyohdmd','2017-03-25 02:17:06','RAMIL','EYAD','RAMILE25@schub.com','RAMILE25PWD'),(27,2,2,'2021449TK',13,'TK71588775rsespmrwra','2017-03-25 02:17:06','TSZ','KYAN','TSZK13@schub.com','TSZK13PWD'),(22,1,2,'2022450RS',29,'RS23898859jvoundlzlr','2017-03-25 02:17:06','RENO','SCHOFIELD','RENOS29@schub.com','RENOS29PWD'),(29,1,4,'2022451WD',9,'WD16256250uhwucgkfah','2017-03-25 02:17:06','WALLACE','DARCY-ALEXANDER','WALLACED9@schub.com','WALLACED9PWD'),(21,1,3,'2022452KK',8,'KK86851276tfqjzjgngs','2017-03-25 02:17:06','KARUN','KARIN','KARUNK8@schub.com','KARUNK8PWD'),(17,2,2,'2021453HY',27,'HY42566509jyajfrwwgt','2017-03-25 02:17:06','HYUN','YANG','HYUNY27@schub.com','HYUNY27PWD'),(19,1,4,'2022454YJ',14,'YJ44178862hkoyxtryja','2017-03-25 02:17:06','YUNETH','JERARA','YUNETHJ14@schub.com','YUNETHJ14PWD'),(26,2,2,'2021455JR',21,'JR62045962togluvrvjq','2017-03-25 02:17:06','JIVRAJ','RUNI','JIVRAJR21@schub.com','JIVRAJR21PWD'),(25,1,4,'2022456BS',4,'BS90805607bhdntootvt','2017-03-25 02:17:06','BRONTIE','SHYLIE','BRONTIES4@schub.com','BRONTIES4PWD'),(19,1,3,'2022457ZG',4,'ZG52969090mozbehkzqj','2017-03-25 02:17:06','ZAKYAH','GEOFERY','ZAKYAHG4@schub.com','ZAKYAHG4PWD'),(24,1,2,'2022458DB',12,'DB78712639ovqihyapdz','2017-03-25 02:17:06','DECKLAN','BOSTON','DECKLANB12@schub.com','DECKLANB12PWD'),(29,1,3,'2022459TT',9,'TT53818381auymholszt','2017-03-25 02:17:06','TYRESE','THYLER','TYRESET9@schub.com','TYRESET9PWD'),(22,1,4,'2022460ZK',16,'ZK71632695mfuftftxqh','2017-03-25 02:17:06','ZEPHANIAH','KANEDA','ZEPHANIAHK16@schub.com','ZEPHANIAHK16PWD'),(22,1,3,'2022461ST',8,'ST98060753rugxgmseaq','2017-03-25 02:17:06','SEUNGHYUN','THEADOROS','SEUNGHYUNT8@schub.com','SEUNGHYUNT8PWD'),(26,1,4,'2022462XL',12,'XL94201336inrmdsswrc','2017-03-25 02:17:06','XAVAEIR','LEMMEL','XAVAEIRL12@schub.com','XAVAEIRL12PWD'),(16,2,4,'2021463BT',24,'BT38065488aymgtiyuik','2017-03-25 02:17:06','BERNO','TANNOUS','BERNOT24@schub.com','BERNOT24PWD'),(22,1,4,'2022464JY',12,'JY12339743atklxxdjqm','2017-03-25 02:17:06','JAYD','YOLE-LUCIA','JAYDY12@schub.com','JAYDY12PWD'),(22,1,1,'2022465TG',6,'TG39919216jkphcjvtgv','2017-03-25 02:17:06','TOD','GARED','TODG6@schub.com','TODG6PWD'),(26,2,4,'2021466DA',4,'DA94614727hihcifzzxj','2017-03-25 02:17:06','DONGLIN','ALOYISIUS','DONGLINA4@schub.com','DONGLINA4PWD'),(21,2,2,'2021467GD',12,'GD28933160nmuecbsmhr','2017-03-25 02:17:06','GARARDO','DENLEY','GARARDOD12@schub.com','GARARDOD12PWD'),(24,2,3,'2021468YI',4,'YI27214104lgpaiplgmk','2017-03-25 02:17:06','YIHUI','ILIR','YIHUII4@schub.com','YIHUII4PWD'),(26,1,3,'2022469BN',23,'BN63372571kmzqfuozoc','2017-03-25 02:17:06','BENJAMIN-JOSEF','NEKOLA','BENJAMIN-JOSEFN23@schub.com','BENJAMIN-JOSEFN23PWD'),(26,2,3,'2021470MR',5,'MR46268298xyqmtthwqr','2017-03-25 02:17:06','MOUHAMED','RAMONE','MOUHAMEDR5@schub.com','MOUHAMEDR5PWD'),(28,2,4,'2021471JG',4,'JG28589972hfzjynupch','2017-03-25 02:17:06','JUANE','GRAHAM','JUANEG4@schub.com','JUANEG4PWD'),(22,2,2,'2021472JD',2,'JD55050007ydzlkahthu','2017-03-25 02:17:06','JESSEY','DARNUTA','JESSEYD2@schub.com','JESSEYD2PWD'),(23,2,2,'2021473VK',23,'VK47994216fbodlligul','2017-03-25 02:17:06','VONTAI','KAHL','VONTAIK23@schub.com','VONTAIK23PWD'),(25,1,2,'2022474ZM',16,'ZM48334256wriaihmjqu','2017-03-25 02:17:06','ZYREN','MARLI','ZYRENM16@schub.com','ZYRENM16PWD'),(22,2,4,'2021475AE',22,'AE31442155whetjjknxa','2017-03-25 02:17:06','ATAH','EWHEN','ATAHE22@schub.com','ATAHE22PWD'),(23,1,1,'2022476SB',23,'SB40490428yyxjgvwcnz','2017-03-25 02:17:06','STALIN','BARDIA','STALINB23@schub.com','STALINB23PWD'),(19,2,3,'2021477DR',11,'DR76143855ufjvcmjcsd','2017-03-25 02:17:06','DIMETRIOS','REED','DIMETRIOSR11@schub.com','DIMETRIOSR11PWD'),(19,2,3,'2021478MS',8,'MS28020099hnqgzrkuow','2017-03-25 02:17:06','MELETIOS','SEYMOUR','MELETIOSS8@schub.com','MELETIOSS8PWD'),(23,2,4,'2021479AC',5,'AC51902381lykvehemdp','2017-03-25 02:17:06','ABHIR','COENAN','ABHIRC5@schub.com','ABHIRC5PWD'),(26,2,3,'2021480SG',8,'SG76801992babpyrbpal','2017-03-25 02:17:06','SYLVESTER','GAITH','SYLVESTERG8@schub.com','SYLVESTERG8PWD'),(22,1,1,'2022481BH',5,'BH35663324mlablvmvnu','2017-03-25 02:17:06','BENJIE','HOPPER','BENJIEH5@schub.com','BENJIEH5PWD'),(30,1,3,'2022482AK',19,'AK33606574pevmhfkika','2017-03-25 02:17:06','ASSAFFAR','KORDIAN','ASSAFFARK19@schub.com','ASSAFFARK19PWD'),(22,1,3,'2022483LT',3,'LT23830002gitngngalj','2017-03-25 02:17:06','LACHLAN-TRAVIS','TONNINO','LACHLAN-TRAVIST3@schub.com','LACHLAN-TRAVIST3PWD'),(18,2,2,'2021484FJ',1,'FJ13656500diuifpsups','2017-03-25 02:17:06','FIRDEUSI','JURAN','FIRDEUSIJ1@schub.com','FIRDEUSIJ1PWD'),(19,2,2,'2021485ZM',24,'ZM16033262ekotedxrwm','2017-03-25 02:17:06','ZHARIUS','MARGARET','ZHARIUSM24@schub.com','ZHARIUSM24PWD'),(25,2,4,'2021486OM',20,'OM99071351ipoyfbnfue','2017-03-25 02:17:06','ORSON','MIKO','ORSONM20@schub.com','ORSONM20PWD'),(17,1,2,'2022487VT',20,'VT57234069xaipxpsuhn','2017-03-25 02:17:06','VIVEK','THADDEUS','VIVEKT20@schub.com','VIVEKT20PWD'),(21,1,2,'2022488FR',22,'FR83025095jvbpxhzegc','2017-03-25 02:17:06','FARIZ','RIYLAN','FARIZR22@schub.com','FARIZR22PWD'),(17,2,2,'2021489MA',26,'MA22983230oapzevndda','2017-03-25 02:17:06','MISCHKA','ANOLD','MISCHKAA26@schub.com','MISCHKAA26PWD'),(20,2,4,'2021490SJ',19,'SJ64395742cyjxnxzkug','2017-03-25 02:17:06','SAMBATTANY','JACK-HENRY','SAMBATTANYJ19@schub.com','SAMBATTANYJ19PWD'),(16,1,4,'2022491MT',5,'MT74810937ohgxsnayro','2017-03-25 02:17:06','MARY','TOMHAS','MARYT5@schub.com','MARYT5PWD'),(23,1,1,'2022492MJ',18,'MJ18652722bbqryakint','2017-03-25 02:17:06','MENA','JOAKIM','MENAJ18@schub.com','MENAJ18PWD'),(22,2,2,'2021493SA',19,'SA75052664wcgppcevpn','2017-03-25 02:17:06','STRADIS','ARISTOS','STRADISA19@schub.com','STRADISA19PWD'),(23,1,4,'2022494AJ',13,'AJ86357439hvipowxuhd','2017-03-25 02:17:06','ANGELOUS','JANOS','ANGELOUSJ13@schub.com','ANGELOUSJ13PWD'),(16,1,3,'2022495HH',1,'HH56985509ngfkgnrpqy','2017-03-25 02:17:06','HARUKI','HERB','HARUKIH1@schub.com','HARUKIH1PWD'),(30,1,4,'2022496BZ',22,'BZ52299335kggypjyspk','2017-03-25 02:17:06','BINDA','ZAHNE','BINDAZ22@schub.com','BINDAZ22PWD'),(27,2,4,'2021497HI',23,'HI94021183znlsoeedbp','2017-03-25 02:17:06','HUA','IHOR','HUAI23@schub.com','HUAI23PWD'),(23,2,3,'2021498MT',27,'MT94517508orfoopwbia','2017-03-25 02:17:06','MUADZ','TOMMY-LEE','MUADZT27@schub.com','MUADZT27PWD'),(30,2,2,'2021499TJ',26,'TJ48214709ajopawyeza','2017-03-25 02:17:06','TIERRE','JAKAN','TIERREJ26@schub.com','TIERREJ26PWD'),(27,2,2,'2021500TR',1,'TR31091443eddceivxkp','2017-03-25 02:17:06','TINO','RALPH-JASON','TINOR1@schub.com','TINOR1PWD'),(21,1,1,'2022501KG',21,'KG55400431izakrkbmkv','2017-03-25 02:17:06','KRISTYAN','GORSI','KRISTYANG21@schub.com','KRISTYANG21PWD'),(19,2,3,'2021502IS',8,'IS45731920kxtdneeyst','2017-03-25 02:17:06','IVEN','SHAH-FRED','IVENS8@schub.com','IVENS8PWD'),(25,2,2,'2021503SH',20,'SH49695111yxyjgjezzo','2017-03-25 02:17:06','SAMMUAL','HAYSON','SAMMUALH20@schub.com','SAMMUALH20PWD'),(25,2,4,'2021504EP',17,'EP50747887kktewydnfc','2017-03-25 02:17:06','ELIOTT','POUL','ELIOTTP17@schub.com','ELIOTTP17PWD'),(28,2,2,'2021505XY',25,'XY75122278aomxogdges','2017-03-25 02:17:06','XAEN','YERZY','XAENY25@schub.com','XAENY25PWD'),(25,1,2,'2022506TJ',19,'TJ38336671ubxidducaj','2017-03-25 02:17:06','TYLER-JAI','JOERG','TYLER-JAIJ19@schub.com','TYLER-JAIJ19PWD'),(20,2,2,'2021507DS',11,'DS58458495serkthsoxr','2017-03-25 02:17:06','DOMINIK-WALTER','SHAUN-VAUX','DOMINIK-WALTERS11@schub.com','DOMINIK-WALTERS11PWD'),(27,2,2,'2021508ZA',19,'ZA34188580obugukftcc','2017-03-25 02:17:06','ZAFIRIOS','ARCHA','ZAFIRIOSA19@schub.com','ZAFIRIOSA19PWD'),(29,1,4,'2022509HA',11,'HA11689124vopmlluivm','2017-03-25 02:17:06','HOHAIA','ANNICET','HOHAIAA11@schub.com','HOHAIAA11PWD'),(30,1,1,'2022510NR',29,'NR55939572casrssofyx','2017-03-25 02:17:06','NOR','RONNEL','NORR29@schub.com','NORR29PWD'),(24,1,3,'2022511WW',16,'WW15615721fcxgkmlufr','2017-03-25 02:17:06','WILAN','WIKARAUA','WILANW16@schub.com','WILANW16PWD'),(23,1,2,'2022512TO',10,'TO43667488tojofztqik','2017-03-25 02:17:06','TAYA','OLEXIJ','TAYAO10@schub.com','TAYAO10PWD'),(19,1,2,'2022513IM',16,'IM25690366bxjauslobw','2017-03-25 02:17:06','IRA','MACY','IRAM16@schub.com','IRAM16PWD'),(22,1,2,'2022514OC',26,'OC38974897lzxqhvgdkk','2017-03-25 02:17:06','ORSONN','CALLON','ORSONNC26@schub.com','ORSONNC26PWD'),(17,1,3,'2022515ZY',10,'ZY60132274ctyxnvjolc','2017-03-25 02:17:06','ZYGMUND','YONAS','ZYGMUNDY10@schub.com','ZYGMUNDY10PWD'),(26,2,4,'2021516SD',4,'SD41734454jbsufacfua','2017-03-25 02:17:06','SEI','DAMEN-LEE','SEID4@schub.com','SEID4PWD'),(29,1,2,'2022517LM',25,'LM64742615sezftxzilx','2017-03-25 02:17:06','LINDO','MARQUE','LINDOM25@schub.com','LINDOM25PWD'),(29,2,3,'2021518CM',12,'CM90333226rochonpzoh','2017-03-25 02:17:06','CAINTON','MORAL','CAINTONM12@schub.com','CAINTONM12PWD'),(25,2,2,'2021519HJ',19,'HJ14052695bqhhhjlzlf','2017-03-25 02:17:06','HAFIZ','JAHKAIDE','HAFIZJ19@schub.com','HAFIZJ19PWD'),(27,1,1,'2022520KT',11,'KT36688228lulptqqvot','2017-03-25 02:17:06','KRIKOR','TRILBY','KRIKORT11@schub.com','KRIKORT11PWD'),(22,1,3,'2022521TR',29,'TR54292886enyogfbarh','2017-03-25 02:17:06','TOMASSO','ROMCO','TOMASSOR29@schub.com','TOMASSOR29PWD'),(30,1,2,'2022522TZ',3,'TZ10270238ynzrenuzvg','2017-03-25 02:17:06','TAURUS','ZUKIAH','TAURUSZ3@schub.com','TAURUSZ3PWD'),(23,1,1,'2022523NL',13,'NL49930448bpgddxpdyt','2017-03-25 02:17:06','NGO','LUU','NGOL13@schub.com','NGOL13PWD'),(22,1,2,'2022524BT',8,'BT23207176biapryxvdz','2017-03-25 02:17:06','BLAYSE','THRASIVOULOS','BLAYSET8@schub.com','BLAYSET8PWD'),(30,2,3,'2021525EM',5,'EM35508762pmizftgvtj','2017-03-25 02:17:06','EDDWYN','MISAN','EDDWYNM5@schub.com','EDDWYNM5PWD'),(19,2,3,'2021526AA',13,'AA96782940caseaeberi','2017-03-25 02:17:06','ARSHYAH','AARONE','ARSHYAHA13@schub.com','ARSHYAHA13PWD'),(16,2,4,'2021527AN',8,'AN30173539ervnmigogl','2017-03-25 02:17:06','ASVIN','NIMAI','ASVINN8@schub.com','ASVINN8PWD'),(16,2,4,'2021528NA',19,'NA19418372zswvfdqwfg','2017-03-25 02:17:06','NEDD','ARGYRIOS','NEDDA19@schub.com','NEDDA19PWD'),(21,1,2,'2022529SS',27,'SS28745097orouqfjtqb','2017-03-25 02:17:06','SHAREEF','SHAYN','SHAREEFS27@schub.com','SHAREEFS27PWD'),(22,1,1,'2022530OS',2,'OS52358140bdumejycmz','2017-03-25 02:17:06','OMEGA','SHANE-ANTHONY','OMEGAS2@schub.com','OMEGAS2PWD'),(27,2,2,'2021531SF',14,'SF28055937sfznhmnbqh','2017-03-25 02:17:06','SHENGXI','FAARRON','SHENGXIF14@schub.com','SHENGXIF14PWD'),(18,1,1,'2022532JL',28,'JL49144700npfbdprrcp','2017-03-25 02:17:06','JAKKEB','LISTER','JAKKEBL28@schub.com','JAKKEBL28PWD'),(21,2,2,'2021533JR',26,'JR72104851bucdmuthpo','2017-03-25 02:17:06','JOSEPH-JOHN','RICKY-KARL','JOSEPH-JOHNR26@schub.com','JOSEPH-JOHNR26PWD'),(27,2,3,'2021534AJ',17,'AJ41919455almbuczdca','2017-03-25 02:17:06','AYMEN','JEAN-PIERRE','AYMENJ17@schub.com','AYMENJ17PWD'),(30,2,2,'2021535DF',1,'DF42670927puxoxtroow','2017-03-25 02:17:06','DEVIN','FARRAN','DEVINF1@schub.com','DEVINF1PWD'),(20,1,3,'2022536CT',2,'CT89274576eeevqlunou','2017-03-25 02:17:06','CHRISTAS','TY-LEE','CHRISTAST2@schub.com','CHRISTAST2PWD'),(16,1,4,'2022537LD',14,'LD74253406qqgcnaauld','2017-03-25 02:17:06','LIDIA','DANEIL','LIDIAD14@schub.com','LIDIAD14PWD'),(16,1,2,'2022538ZJ',13,'ZJ93082387uzgdrewxfm','2017-03-25 02:17:06','ZED','JOE','ZEDJ13@schub.com','ZEDJ13PWD'),(19,2,2,'2021539AY',21,'AY23334939jolwyekppn','2017-03-25 02:17:06','ANDREW-CRAIG','YANCEY','ANDREW-CRAIGY21@schub.com','ANDREW-CRAIGY21PWD'),(27,2,2,'2021540BA',16,'BA56649499tarmyngnoq','2017-03-25 02:17:06','BON','ALJO','BONA16@schub.com','BONA16PWD'),(28,1,1,'2022541NF',3,'NF36086563olmkpxtmpw','2017-03-25 02:17:06','NAHAM','FRANKDEEP','NAHAMF3@schub.com','NAHAMF3PWD'),(25,2,3,'2021542SM',6,'SM39860882ahxmzkgorw','2017-03-25 02:17:06','SKYLER','MINGZE','SKYLERM6@schub.com','SKYLERM6PWD'),(27,2,4,'2021543JK',5,'JK91475698pdscmbqdcy','2017-03-25 02:17:06','JOHANAN','KHONREICH','JOHANANK5@schub.com','JOHANANK5PWD'),(23,2,2,'2021544LZ',6,'LZ51544988ykjkldavsz','2017-03-25 02:17:06','LETHO','ZACHORY','LETHOZ6@schub.com','LETHOZ6PWD'),(19,2,3,'2021545AB',7,'AB12122653onkpsoenhd','2017-03-25 02:17:06','AJWAD','BERTLEE-BRENDON','AJWADB7@schub.com','AJWADB7PWD'),(29,1,1,'2022546AR',3,'AR17712742lzqqrpoife','2017-03-25 02:17:06','ALEKZ','RAY','ALEKZR3@schub.com','ALEKZR3PWD'),(21,2,3,'2021547BL',18,'BL27535267recdwwrqeg','2017-03-25 02:17:06','BRONTE','LUCAN','BRONTEL18@schub.com','BRONTEL18PWD'),(21,2,2,'2021548JK',20,'JK64692429iqlmdthrpq','2017-03-25 02:17:06','JAHDON','KILMOT','JAHDONK20@schub.com','JAHDONK20PWD'),(19,1,2,'2022549JH',11,'JH26576506nftkmacamx','2017-03-25 02:17:06','JAMI','HEINER','JAMIH11@schub.com','JAMIH11PWD'),(23,2,2,'2021550KS',16,'KS20164295nhsvqogkzj','2017-03-25 02:17:06','KAGAN','SHAW','KAGANS16@schub.com','KAGANS16PWD'),(20,1,4,'2022551AP',17,'AP69243111iyudduysxd','2017-03-25 02:17:06','ADEODATUS','PERIN','ADEODATUSP17@schub.com','ADEODATUSP17PWD'),(21,1,2,'2022552CA',9,'CA96019316jowmuwsxgq','2017-03-25 02:17:06','CHASE','ANANTHU','CHASEA9@schub.com','CHASEA9PWD'),(22,2,3,'2021553MM',9,'MM70503964gcscqdhnzq','2017-03-25 02:17:06','MALAKYE','MUSTAPHA','MALAKYEM9@schub.com','MALAKYEM9PWD'),(21,2,3,'2021554KT',3,'KT83128433awwlxxrmwc','2017-03-25 02:17:06','KENNITH','TARLIN','KENNITHT3@schub.com','KENNITHT3PWD'),(19,2,2,'2021555KK',6,'KK27300094xfpjmlklfl','2017-03-25 02:17:06','KEAON','KOHTA','KEAONK6@schub.com','KEAONK6PWD'),(19,1,2,'2022556LJ',20,'LJ24251244teapewwotx','2017-03-25 02:17:06','LEDD','JEFFREY-JAMES','LEDDJ20@schub.com','LEDDJ20PWD'),(26,2,3,'2021557SI',7,'SI76892309jejtclkxuc','2017-03-25 02:17:06','SOSIAH','ITAMAR','SOSIAHI7@schub.com','SOSIAHI7PWD'),(20,1,4,'2022558CY',27,'CY42984998udjpmfxvmo','2017-03-25 02:17:06','CAEN','YI','CAENY27@schub.com','CAENY27PWD'),(28,1,4,'2022559SF',7,'SF52837982azkgaoimfg','2017-03-25 02:17:06','SHAMIM','FLORINDO','SHAMIMF7@schub.com','SHAMIMF7PWD'),(28,1,4,'2022560CT',18,'CT88273028ylsxhdorgp','2017-03-25 02:17:06','CHAEL','TRAYAN','CHAELT18@schub.com','CHAELT18PWD'),(27,2,3,'2021561DA',3,'DA31283373fgcvdlhbdr','2017-03-25 02:17:06','DEAKEN','ASHKAN','DEAKENA3@schub.com','DEAKENA3PWD'),(29,1,2,'2022562MC',20,'MC13365951bdzgojoxso','2017-03-25 02:17:06','MORRICO','CAYNE','MORRICOC20@schub.com','MORRICOC20PWD'),(16,2,2,'2021563KH',24,'KH18039699nozbtzpzuh','2017-03-25 02:17:06','KAILEN','HARY','KAILENH24@schub.com','KAILENH24PWD'),(17,1,1,'2022564AM',7,'AM17341709ofqrlhlwcv','2017-03-25 02:17:06','AJAK','MASARU','AJAKM7@schub.com','AJAKM7PWD'),(16,1,4,'2022565KH',21,'KH82285752ialmlmirwl','2017-03-25 02:17:06','KALLIN','HO-JUN','KALLINH21@schub.com','KALLINH21PWD'),(23,2,3,'2021566LF',6,'LF65305605puuisqfqfv','2017-03-25 02:17:06','LINDA','FOCE','LINDAF6@schub.com','LINDAF6PWD'),(20,2,4,'2021567KR',24,'KR92590017jemavsuxsx','2017-03-25 02:17:06','KULKABAS','REVAN','KULKABASR24@schub.com','KULKABASR24PWD'),(24,1,3,'2022568JH',13,'JH47397617fgvpxvbroa','2017-03-25 02:17:06','JOHN-FLOYD','HOOP','JOHN-FLOYDH13@schub.com','JOHN-FLOYDH13PWD'),(25,1,3,'2022569PK',17,'PK50087776ulqqdfqhxe','2017-03-25 02:17:06','PARLOKJOT','KYRONE','PARLOKJOTK17@schub.com','PARLOKJOTK17PWD'),(21,2,2,'2021570XB',10,'XB46149474xqgwtszdnn','2017-03-25 02:17:06','XENOS','BRANNDON','XENOSB10@schub.com','XENOSB10PWD'),(25,2,3,'2021571AI',2,'AI54342743yeriztdghk','2017-03-25 02:17:06','ADETADE','IYAKA','ADETADEI2@schub.com','ADETADEI2PWD'),(16,1,1,'2022572KP',21,'KP90038006jtzbfadqbx','2017-03-25 02:17:06','KEES','PEARCE','KEESP21@schub.com','KEESP21PWD'),(17,2,4,'2021573JB',1,'JB60383310zialllthre','2017-03-25 02:17:06','JULIE-ANNE','BOONE','JULIE-ANNEB1@schub.com','JULIE-ANNEB1PWD'),(26,2,2,'2021574AB',8,'AB43957637fbpjlldicj','2017-03-25 02:17:06','ANASTAS','BIOR','ANASTASB8@schub.com','ANASTASB8PWD'),(25,2,4,'2021575DI',19,'DI54148882tqtijrxsgt','2017-03-25 02:17:06','DOMINICK','ISAIHA','DOMINICKI19@schub.com','DOMINICKI19PWD'),(19,2,4,'2021576KK',10,'KK70977525bgaqmqgagi','2017-03-25 02:17:06','KIRAKI','KUMANAA','KIRAKIK10@schub.com','KIRAKIK10PWD'),(29,1,2,'2022577ED',29,'ED79741942dujgtilipf','2017-03-25 02:17:06','ERSHAD','DENCHO','ERSHADD29@schub.com','ERSHADD29PWD'),(24,2,3,'2021578JH',26,'JH27379248gdanuhnjbf','2017-03-25 02:17:06','JERRY-JERASIMOS','HARJAPNEET','JERRY-JERASIMOSH26@schub.com','JERRY-JERASIMOSH26PWD'),(27,2,4,'2021579SS',1,'SS11461760wdiqysjxrn','2017-03-25 02:17:06','SHIU','SHUBBAR','SHIUS1@schub.com','SHIUS1PWD'),(21,2,2,'2021580PB',16,'PB62366875msejovhkjl','2017-03-25 02:17:06','PHIL','BRADIE','PHILB16@schub.com','PHILB16PWD'),(28,1,4,'2022581LM',14,'LM13349194vamqnalxal','2017-03-25 02:17:06','LEA','MANE','LEAM14@schub.com','LEAM14PWD'),(24,1,3,'2022582WL',11,'WL19254851wnjgnonxzh','2017-03-25 02:17:06','WAYDAN','LAWLOR','WAYDANL11@schub.com','WAYDANL11PWD'),(29,1,4,'2022583TE',8,'TE22979171lvlkjeihof','2017-03-25 02:17:06','TENZIN','ELSHODOV','TENZINE8@schub.com','TENZINE8PWD'),(17,2,2,'2021584DU',12,'DU70432138azzczsgoeo','2017-03-25 02:17:06','DEMOS','UPOL','DEMOSU12@schub.com','DEMOSU12PWD'),(29,2,3,'2021585AA',5,'AA85194857lpkabjxbae','2017-03-25 02:17:06','ABDUL-HALIM','ANG','ABDUL-HALIMA5@schub.com','ABDUL-HALIMA5PWD'),(16,2,3,'2021586PM',16,'PM53168664sillaryikc','2017-03-25 02:17:06','PHOUTHASONE','MEIK','PHOUTHASONEM16@schub.com','PHOUTHASONEM16PWD'),(16,2,3,'2021587JH',14,'JH28597266fpogooszdg','2017-03-25 02:17:06','JAIKOB','HENRICKUS','JAIKOBH14@schub.com','JAIKOBH14PWD'),(28,1,2,'2022588ME',28,'ME96219122kcheodklyu','2017-03-25 02:17:06','MYKELTI','ELVIRO','MYKELTIE28@schub.com','MYKELTIE28PWD'),(27,2,2,'2021589KS',19,'KS56714281gkqzpfbmeb','2017-03-25 02:17:06','KELEM','SAE-HUN','KELEMS19@schub.com','KELEMS19PWD'),(24,1,1,'2022590EK',29,'EK91086375swjbangagl','2017-03-25 02:17:06','EKATERINE','KIMBAL','EKATERINEK29@schub.com','EKATERINEK29PWD'),(18,2,2,'2021591NK',15,'NK64563546imnxeqytea','2017-03-25 02:17:06','NIVEDH','KAMILE','NIVEDHK15@schub.com','NIVEDHK15PWD'),(17,1,1,'2022592BJ',10,'BJ91523817wokoiznkkf','2017-03-25 02:17:06','BARTYN','JORDIE','BARTYNJ10@schub.com','BARTYNJ10PWD'),(21,2,2,'2021593MT',14,'MT76053098adrsvkrclq','2017-03-25 02:17:06','MITCHEM','TORENCE','MITCHEMT14@schub.com','MITCHEMT14PWD'),(24,1,1,'2022594MB',9,'MB74342486jupgzlauhk','2017-03-25 02:17:06','MARK-ANTONY','BRIDEY','MARK-ANTONYB9@schub.com','MARK-ANTONYB9PWD'),(24,2,2,'2021595BS',24,'BS83067960vmcynkfklr','2017-03-25 02:17:06','BUDDY','STEVA','BUDDYS24@schub.com','BUDDYS24PWD'),(21,2,4,'2021596TS',29,'TS25832319gxkzcbzyvk','2017-03-25 02:17:06','TALIM','SAMAN','TALIMS29@schub.com','TALIMS29PWD'),(25,2,2,'2021597PL',9,'PL63218612rzorixyzho','2017-03-25 02:17:06','PHUC','LEEROY','PHUCL9@schub.com','PHUCL9PWD'),(27,1,2,'2022598PD',12,'PD74200758krqeebysgp','2017-03-25 02:17:06','PASQUALI','DEHNE','PASQUALID12@schub.com','PASQUALID12PWD'),(21,2,2,'2021599AL',24,'AL10431299qqeeambubt','2017-03-25 02:17:06','ADRIAN-JOHN','LU-NGUYEN','ADRIAN-JOHNL24@schub.com','ADRIAN-JOHNL24PWD'),(18,1,1,'2022600DJ',29,'DJ18474068hnzgpymjuw','2017-03-25 02:17:06','DESTAN','JI-O','DESTANJ29@schub.com','DESTANJ29PWD'),(19,2,2,'2021601FC',28,'FC80140960qapgvnwbzb','2017-03-25 02:17:06','FREDRIK','CHERYLE','FREDRIKC28@schub.com','FREDRIKC28PWD'),(20,2,4,'2021602CF',15,'CF29522257uobdwdqrpw','2017-03-25 02:17:06','CANDY','FENIL','CANDYF15@schub.com','CANDYF15PWD'),(27,1,1,'2022603DR',9,'DR10312734lvmpyoqrar','2017-03-25 02:17:06','DOUSSA','RARES','DOUSSAR9@schub.com','DOUSSAR9PWD'),(17,1,3,'2022604MK',9,'MK84092502pvaqdbdrpd','2017-03-25 02:17:06','MAXWEL','KARAN','MAXWELK9@schub.com','MAXWELK9PWD'),(19,1,3,'2022605MA',6,'MA45853555pdhgtiduof','2017-03-25 02:17:06','MIHAILO','ABDALLAH','MIHAILOA6@schub.com','MIHAILOA6PWD'),(24,1,1,'2022606AR',11,'AR26804876pyyiggqyoe','2017-03-25 02:17:06','ARLON','RYSZARD-MICHAL','ARLONR11@schub.com','ARLONR11PWD'),(18,1,3,'2022607ZA',26,'ZA63756825ibwiyyqoql','2017-03-25 02:17:06','ZYMEON','AKSH','ZYMEONA26@schub.com','ZYMEONA26PWD'),(19,2,2,'2021608JP',13,'JP57013538pcvsmiwjig','2017-03-25 02:17:06','JARAL','PIEBRO','JARALP13@schub.com','JARALP13PWD'),(28,2,3,'2021609TD',16,'TD66305900pkbvbiboql','2017-03-25 02:17:06','THISHAN','DEJAIUS','THISHAND16@schub.com','THISHAND16PWD'),(24,1,3,'2022610GA',18,'GA65383681kydyljipfe','2017-03-25 02:17:06','GULLEN','AXLE','GULLENA18@schub.com','GULLENA18PWD'),(21,2,2,'2021611GM',13,'GM21733195svdmvnfwhq','2017-03-25 02:17:06','GREAME','MAHESON','GREAMEM13@schub.com','GREAMEM13PWD'),(24,2,3,'2021612RB',9,'RB73069592snrjdjkdop','2017-03-25 02:17:06','RAUL-XAVIER','BRENZ','RAUL-XAVIERB9@schub.com','RAUL-XAVIERB9PWD'),(17,2,2,'2021613FA',14,'FA61762814xnapyftlka','2017-03-25 02:17:06','FIORERZO','AZAAN','FIORERZOA14@schub.com','FIORERZOA14PWD'),(21,2,4,'2021614RK',17,'RK87667155qrarbsxaqo','2017-03-25 02:17:06','REBBECA','KARRELL','REBBECAK17@schub.com','REBBECAK17PWD'),(19,2,3,'2021615FL',27,'FL88004814jydcsavabq','2017-03-25 02:17:06','FIORENZO','LYNAL','FIORENZOL27@schub.com','FIORENZOL27PWD'),(23,2,2,'2021616ID',11,'ID87334324glqkyndtyq','2017-03-25 02:17:06','ISABELLA','DIMITRIOU','ISABELLAD11@schub.com','ISABELLAD11PWD'),(23,1,3,'2022617MA',23,'MA54211459ghlmudocnj','2017-03-25 02:17:06','MEHVAN','AQEEL','MEHVANA23@schub.com','MEHVANA23PWD'),(26,2,4,'2021618JK',28,'JK15017485xplqvbtkkn','2017-03-25 02:17:06','JHAI','KYERAN','JHAIK28@schub.com','JHAIK28PWD'),(26,2,3,'2021619SA',26,'SA40760968ucnnbfbpjz','2017-03-25 02:17:06','SAMAKSH','ANNETTE','SAMAKSHA26@schub.com','SAMAKSHA26PWD'),(29,1,2,'2022620FH',28,'FH91373247stypbtmtke','2017-03-25 02:17:06','FERGUSON','HARNOORVEER','FERGUSONH28@schub.com','FERGUSONH28PWD'),(30,2,4,'2021621OK',6,'OK51782856nswnnfxbbb','2017-03-25 02:17:06','OLEH','KAMALNOOR','OLEHK6@schub.com','OLEHK6PWD'),(23,2,2,'2021622GC',12,'GC56739031wllgpouuov','2017-03-25 02:17:06','GOODWILL','CATHRYNE','GOODWILLC12@schub.com','GOODWILLC12PWD'),(23,1,2,'2022623ZR',24,'ZR20307359vaajjckuzr','2017-03-25 02:17:06','ZIAH','RONNI','ZIAHR24@schub.com','ZIAHR24PWD'),(23,2,2,'2021624BV',28,'BV39774116tiseujmmkt','2017-03-25 02:17:06','BALFOUR','VINCO','BALFOURV28@schub.com','BALFOURV28PWD'),(16,1,4,'2022625YR',26,'YR47427648hmwnrdouuy','2017-03-25 02:17:06','YANNIS','RYLANN','YANNISR26@schub.com','YANNISR26PWD'),(27,1,4,'2022626JM',20,'JM22169593bldszqxucp','2017-03-25 02:17:06','JEHAD','MESAM','JEHADM20@schub.com','JEHADM20PWD'),(16,1,1,'2022627BH',13,'BH21777637xmldnxrmzn','2017-03-25 02:17:06','BASSILIOS','HAMLEY','BASSILIOSH13@schub.com','BASSILIOSH13PWD'),(21,2,3,'2021628AC',10,'AC72381509wpgmytpbbu','2017-03-25 02:17:06','ABUZAR','CRUIZE','ABUZARC10@schub.com','ABUZARC10PWD'),(19,1,3,'2022629SK',17,'SK95075681nvwvyquyfz','2017-03-25 02:17:06','SYLAS','KESNI','SYLASK17@schub.com','SYLASK17PWD'),(17,1,2,'2022630ZA',21,'ZA26082999dzdxrlqapk','2017-03-25 02:17:06','ZIXIN','ANGHEL','ZIXINA21@schub.com','ZIXINA21PWD'),(20,1,4,'2022631KR',13,'KR51030737vvxprwvioa','2017-03-25 02:17:06','KALLEM','RODGER-LEONARD-KAREL','KALLEMR13@schub.com','KALLEMR13PWD'),(29,1,2,'2022632HH',29,'HH54033312slhytgeaen','2017-03-25 02:17:06','HARUTO','HUTOMO','HARUTOH29@schub.com','HARUTOH29PWD'),(30,2,3,'2021633AB',16,'AB68422015mtfqeqsqsv','2017-03-25 02:17:06','ALUN','BOBBY-JO','ALUNB16@schub.com','ALUNB16PWD'),(28,1,4,'2022634LW',1,'LW46587056mjytlpoliy','2017-03-25 02:17:06','LYJAMES','WIRTER','LYJAMESW1@schub.com','LYJAMESW1PWD'),(23,1,4,'2022635TH',19,'TH51164994bpuxirhjrm','2017-03-25 02:17:06','TIDE','HEMANTH','TIDEH19@schub.com','TIDEH19PWD'),(18,1,4,'2022636ZH',5,'ZH78308213ymbimxpwhw','2017-03-25 02:17:06','ZACARIAH','HAMIORA','ZACARIAHH5@schub.com','ZACARIAHH5PWD'),(25,1,2,'2022637SN',16,'SN13375216xdesiqsodr','2017-03-25 02:17:06','SARMAD','NASSIR','SARMADN16@schub.com','SARMADN16PWD'),(30,2,3,'2021638TP',17,'TP78569326tyrudecktz','2017-03-25 02:17:06','TJALARI','PUKAR','TJALARIP17@schub.com','TJALARIP17PWD'),(28,1,1,'2022639BD',7,'BD47598549xmvhwivggu','2017-03-25 02:17:06','BRAYDEN-JAKE','DOMINIKS','BRAYDEN-JAKED7@schub.com','BRAYDEN-JAKED7PWD'),(17,1,3,'2022640GF',21,'GF89281334tfzyzzvrwb','2017-03-25 02:17:06','GEREMY','FAYIQ','GEREMYF21@schub.com','GEREMYF21PWD'),(25,2,2,'2021641RJ',27,'RJ65823963uhkejuyoqi','2017-03-25 02:17:06','ROAHL','JEM','ROAHLJ27@schub.com','ROAHLJ27PWD'),(25,2,2,'2021642DX',5,'DX54699651rzubrjtsdz','2017-03-25 02:17:06','DENIO','XAVIOUR','DENIOX5@schub.com','DENIOX5PWD'),(29,1,3,'2022643PO',18,'PO42311086sclbkljbpx','2017-03-25 02:17:06','PANAGIOTIS','ORYST','PANAGIOTISO18@schub.com','PANAGIOTISO18PWD'),(20,2,2,'2021644PS',1,'PS94681963mlyaizskzv','2017-03-25 02:17:06','PIERO','SUE','PIEROS1@schub.com','PIEROS1PWD'),(26,2,4,'2021645CC',8,'CC17670450axmhuoahum','2017-03-25 02:17:06','CARROLL','CHANTELLE','CARROLLC8@schub.com','CARROLLC8PWD'),(19,2,3,'2021646NM',5,'NM10547038wlnlixibdt','2017-03-25 02:17:06','NHAT-TIEN','MIECZYSTAW','NHAT-TIENM5@schub.com','NHAT-TIENM5PWD'),(16,2,4,'2021647SH',6,'SH80304722cklgajomjr','2017-03-25 02:17:06','SELESTIN','HARRYSON','SELESTINH6@schub.com','SELESTINH6PWD'),(27,1,1,'2022648GA',6,'GA24179714lkyzvxpaws','2017-03-25 02:17:06','GEOFREY','ADRIANUS','GEOFREYA6@schub.com','GEOFREYA6PWD'),(26,2,4,'2021649JE',25,'JE43655050tdcrzmnxbi','2017-03-25 02:17:06','JOMEI','EBRAHIM','JOMEIE25@schub.com','JOMEIE25PWD'),(19,1,3,'2022650JA',7,'JA52022540bediglttbq','2017-03-25 02:17:06','JIRON','ARMEN','JIRONA7@schub.com','JIRONA7PWD'),(27,1,2,'2022651SR',28,'SR17942207ihnjgvkwjb','2017-03-25 02:17:06','SAMVEL','RIEN','SAMVELR28@schub.com','SAMVELR28PWD'),(23,2,2,'2021652HB',15,'HB28731384haqysecduc','2017-03-25 02:17:06','HOANG-QUAN','BEAU-DANIEL','HOANG-QUANB15@schub.com','HOANG-QUANB15PWD'),(26,1,2,'2022653RS',27,'RS51715538cgzyimyjfz','2017-03-25 02:17:06','ROBYNE','SAFINN','ROBYNES27@schub.com','ROBYNES27PWD'),(22,1,4,'2022654AD',16,'AD10518160vulybikhxp','2017-03-25 02:17:06','ADOLFO','DOMENICO-COSIMO','ADOLFOD16@schub.com','ADOLFOD16PWD'),(24,2,2,'2021655PP',2,'PP10179905btwovknnmn','2017-03-25 02:17:06','PISAN','PHRASSWELL','PISANP2@schub.com','PISANP2PWD'),(23,2,3,'2021656BK',8,'BK60691141doqsgiycvw','2017-03-25 02:17:06','BUDDY-JOEL','KHYAN','BUDDY-JOELK8@schub.com','BUDDY-JOELK8PWD'),(24,2,4,'2021657VB',25,'VB39815008vmsaqnaqql','2017-03-25 02:17:06','VASO','BAART','VASOB25@schub.com','VASOB25PWD'),(30,2,4,'2021658JJ',24,'JJ19454192uckaxgjzgl','2017-03-25 02:17:06','JELTE','JORDON-ROBERT','JELTEJ24@schub.com','JELTEJ24PWD'),(26,1,3,'2022659GT',23,'GT42580246cshrvlggzj','2017-03-25 02:17:06','GYUNG-HAN','THANH-THAI','GYUNG-HANT23@schub.com','GYUNG-HANT23PWD'),(22,1,2,'2022660XV',13,'XV49051092hqegephcar','2017-03-25 02:17:06','XIDYN','VALERIE','XIDYNV13@schub.com','XIDYNV13PWD'),(22,1,4,'2022661WP',9,'WP79072719yhicopcvyu','2017-03-25 02:17:06','WIKTOR','PETRI','WIKTORP9@schub.com','WIKTORP9PWD'),(16,1,4,'2022662NG',1,'NG43705782jdjsefibhj','2017-03-25 02:17:06','NGKITA','GRANT','NGKITAG1@schub.com','NGKITAG1PWD'),(30,2,4,'2021663PB',3,'PB29077127zhjwitjjab','2017-03-25 02:17:06','PAVLOS','BRENDEN','PAVLOSB3@schub.com','PAVLOSB3PWD'),(20,1,2,'2022664PD',25,'PD20919355dzormrsqrg','2017-03-25 02:17:06','PETROS','DIONYSCOS','PETROSD25@schub.com','PETROSD25PWD'),(30,1,3,'2022665JT',12,'JT66923758mzcastlutn','2017-03-25 02:17:06','JOV','THAI-REASE','JOVT12@schub.com','JOVT12PWD'),(22,1,2,'2022666JN',28,'JN99649228slfgattzte','2017-03-25 02:17:06','JOSHUA-JOSIP','NOOR','JOSHUA-JOSIPN28@schub.com','JOSHUA-JOSIPN28PWD'),(21,2,3,'2021667JS',11,'JS64744702fvwvpvchoo','2017-03-25 02:17:06','JAYSEF','SULLIVAN','JAYSEFS11@schub.com','JAYSEFS11PWD'),(26,2,2,'2021668LS',8,'LS56795247cypcszgjds','2017-03-25 02:17:06','LYNDEE','SEDDON','LYNDEES8@schub.com','LYNDEES8PWD'),(22,1,3,'2022669BA',29,'BA58606631qlotyufvyw','2017-03-25 02:17:06','BUDIMIR','ALGIMANTAS','BUDIMIRA29@schub.com','BUDIMIRA29PWD'),(29,1,4,'2022670KP',13,'KP16458813vjkdoegyql','2017-03-25 02:17:06','KOOL','PARRY','KOOLP13@schub.com','KOOLP13PWD'),(28,1,4,'2022671PS',25,'PS96697632xgekgdrmrh','2017-03-25 02:17:06','PRAKAV','SHAYDON','PRAKAVS25@schub.com','PRAKAVS25PWD'),(22,1,3,'2022672DR',26,'DR66333605mtacxqftol','2017-03-25 02:17:06','DHAL','ROWDY','DHALR26@schub.com','DHALR26PWD'),(19,2,4,'2021673AD',21,'AD38311839rksditjnfb','2017-03-25 02:17:06','AISH','DURAN','AISHD21@schub.com','AISHD21PWD'),(22,1,3,'2022674BK',6,'BK35840129nrprlirban','2017-03-25 02:17:06','BUNTHONG','KASSRA','BUNTHONGK6@schub.com','BUNTHONGK6PWD'),(27,2,4,'2021675QG',18,'QG60278530wyvzwieewh','2017-03-25 02:17:06','QUALLAN','GIACOMA-GAETANO','QUALLANG18@schub.com','QUALLANG18PWD'),(27,2,4,'2021676SM',5,'SM37447510spbpwcdxeg','2017-03-25 02:17:06','SEMI','MICHALL','SEMIM5@schub.com','SEMIM5PWD'),(28,2,3,'2021677HI',9,'HI32267804qqgwmjhhrj','2017-03-25 02:17:06','HAWK','IGUSTI','HAWKI9@schub.com','HAWKI9PWD'),(28,1,1,'2022678MN',5,'MN62021036bjgcuhdyyq','2017-03-25 02:17:06','MAKAVELLI','NICHOLUS','MAKAVELLIN5@schub.com','MAKAVELLIN5PWD'),(21,1,4,'2022679CM',13,'CM18797306ydfpftuxop','2017-03-25 02:17:06','CLARRY','MICHAEL-JOHN','CLARRYM13@schub.com','CLARRYM13PWD'),(23,1,2,'2022680DA',16,'DA55864849jiwlzmxodc','2017-03-25 02:17:06','DECLYN','ARTURO','DECLYNA16@schub.com','DECLYNA16PWD'),(26,2,3,'2021681LM',15,'LM26913522mgiegozjuf','2017-03-25 02:17:06','LETEICIA','MATTAEUS','LETEICIAM15@schub.com','LETEICIAM15PWD'),(29,2,2,'2021682CC',13,'CC89162602cpmkuspuln','2017-03-25 02:17:06','CAMILO','CALLEB','CAMILOC13@schub.com','CAMILOC13PWD'),(28,1,4,'2022683WQ',28,'WQ74565524eppokfwqdr','2017-03-25 02:17:06','WESBEN','QUINTON','WESBENQ28@schub.com','WESBENQ28PWD'),(17,2,2,'2021684SL',12,'SL74650696cfiwetfvdn','2017-03-25 02:17:06','SHARNE','LOU-JUAN','SHARNEL12@schub.com','SHARNEL12PWD'),(28,1,3,'2022685SM',13,'SM32095840qizgflhdeo','2017-03-25 02:17:06','STRATIS','MISHA','STRATISM13@schub.com','STRATISM13PWD'),(18,1,3,'2022686MB',15,'MB71932217bbjzcxvzqn','2017-03-25 02:17:06','MACHAR','BONAR','MACHARB15@schub.com','MACHARB15PWD'),(20,1,4,'2022687TB',4,'TB61992404jahgseirdy','2017-03-25 02:17:06','TEEJAY','BUNTHARITH','TEEJAYB4@schub.com','TEEJAYB4PWD'),(22,2,4,'2021688DE',11,'DE85883978tyaykuwtlg','2017-03-25 02:17:06','DARYNE','EDISON','DARYNEE11@schub.com','DARYNEE11PWD'),(26,2,4,'2021689ER',2,'ER88252001rjvmulrwwx','2017-03-25 02:17:06','EUTHYMIUS','ROSSARIO','EUTHYMIUSR2@schub.com','EUTHYMIUSR2PWD'),(20,2,3,'2021690EL',8,'EL63021271uyqvbffllz','2017-03-25 02:17:06','ENIO','LABEEB','ENIOL8@schub.com','ENIOL8PWD'),(23,2,2,'2021691HV',13,'HV79412087cdohiwxejp','2017-03-25 02:17:06','HAYDEN-CHARLES','VYTAS','HAYDEN-CHARLESV13@schub.com','HAYDEN-CHARLESV13PWD'),(27,2,3,'2021692EG',16,'EG85078380vxzjuxovzv','2017-03-25 02:17:06','EBO','GIROLOMO','EBOG16@schub.com','EBOG16PWD'),(23,2,3,'2021693KS',6,'KS82878532jqaicclhtz','2017-03-25 02:17:06','KALKI','SUALIHO','KALKIS6@schub.com','KALKIS6PWD'),(22,1,3,'2022694DD',14,'DD75977015gcnnxxhsvf','2017-03-25 02:17:06','DECKLIN','DION-ROCKY','DECKLIND14@schub.com','DECKLIND14PWD'),(16,1,4,'2022695AM',21,'AM74567901likuvfotnq','2017-03-25 02:17:06','ANGADBIR','MEYER','ANGADBIRM21@schub.com','ANGADBIRM21PWD'),(21,2,2,'2021696AN',26,'AN49831622tthlbbvebk','2017-03-25 02:17:06','AIDAN-FRANK','NATAHN','AIDAN-FRANKN26@schub.com','AIDAN-FRANKN26PWD'),(18,1,4,'2022697SS',10,'SS23261691fpjmkaoouo','2017-03-25 02:17:06','SHAROCK','SABIQ','SHAROCKS10@schub.com','SHAROCKS10PWD'),(21,2,4,'2021698DA',26,'DA60410918iwpnvxexcr','2017-03-25 02:17:06','DEREN','ATAAN','DERENA26@schub.com','DERENA26PWD'),(20,1,2,'2022699ZP',9,'ZP42743803mjmcbdfuwb','2017-03-25 02:17:06','ZACHIARY','PUAL','ZACHIARYP9@schub.com','ZACHIARYP9PWD'),(29,2,3,'2021700AP',28,'AP44504378hsvduidvmc','2017-03-25 02:17:06','ATHARV','PAULIUS','ATHARVP28@schub.com','ATHARVP28PWD'),(20,1,2,'2022701HP',27,'HP28739681aiwapwvvlb','2017-03-25 02:17:06','HARNOOR','PANGIOTIS','HARNOORP27@schub.com','HARNOORP27PWD'),(17,1,4,'2022702RD',25,'RD45790038jfgpgbbtkj','2017-03-25 02:17:06','ROBIE','DUY-LIEM','ROBIED25@schub.com','ROBIED25PWD'),(19,2,3,'2021703SL',4,'SL32961616wlgrhuvpay','2017-03-25 02:17:06','SONNIE','LEONS','SONNIEL4@schub.com','SONNIEL4PWD'),(21,2,3,'2021704MA',7,'MA68884123vgqfupworv','2017-03-25 02:17:06','MONICA','ANTREAS','MONICAA7@schub.com','MONICAA7PWD'),(17,1,2,'2022705RT',19,'RT37601321joiimorhrj','2017-03-25 02:17:06','RASHON-MICHEAL','THANH-SANG','RASHON-MICHEALT19@schub.com','RASHON-MICHEALT19PWD'),(21,1,1,'2022706HM',5,'HM60963027enguhkeqen','2017-03-25 02:17:06','HITANSHU','MIRRJESH','HITANSHUM5@schub.com','HITANSHUM5PWD'),(16,2,3,'2021707AP',6,'AP55059441nkzvasspjw','2017-03-25 02:17:06','AYDHAN','PANOS','AYDHANP6@schub.com','AYDHANP6PWD'),(27,1,3,'2022708LT',22,'LT67284960lwhagwhnct','2017-03-25 02:17:06','LUKEKEN','THIECH','LUKEKENT22@schub.com','LUKEKENT22PWD'),(24,2,2,'2021709SA',26,'SA65718928hwmmckmftj','2017-03-25 02:17:06','SABIR','ADOR','SABIRA26@schub.com','SABIRA26PWD'),(29,1,3,'2022710KA',8,'KA88106722gvlfgidpem','2017-03-25 02:17:06','KARY','ATIS','KARYA8@schub.com','KARYA8PWD'),(18,1,2,'2022711KA',24,'KA54343731vrhbxcyqhj','2017-03-25 02:17:06','KENN','ANNUNZIATO','KENNA24@schub.com','KENNA24PWD'),(18,1,2,'2022712VS',26,'VS98789681ojzyvqufrd','2017-03-25 02:17:06','VITALI','STRYDER','VITALIS26@schub.com','VITALIS26PWD'),(20,1,3,'2022713RR',17,'RR28943935wuxsubhgmw','2017-03-25 02:17:06','RUSTY','RIVER-LEE','RUSTYR17@schub.com','RUSTYR17PWD'),(18,2,3,'2021714PK',2,'PK46986429tsuwiogsdg','2017-03-25 02:17:06','PITAS','KHAMRON','PITASK2@schub.com','PITASK2PWD'),(16,2,2,'2021715CJ',20,'CJ75292687ytqvswmlwe','2017-03-25 02:17:06','CAYDN','JACOBO','CAYDNJ20@schub.com','CAYDNJ20PWD'),(25,2,2,'2021716OS',21,'OS28000420vumiesqcty','2017-03-25 02:17:06','OSAYI','SHERWIN','OSAYIS21@schub.com','OSAYIS21PWD'),(16,2,4,'2021717DC',2,'DC97170119ougytfohcw','2017-03-25 02:17:06','DEEGAN','CARMELA','DEEGANC2@schub.com','DEEGANC2PWD'),(20,2,4,'2021718JN',11,'JN82063172xnjqjifimj','2017-03-25 02:17:06','JAYDEN-JOHN','NABY','JAYDEN-JOHNN11@schub.com','JAYDEN-JOHNN11PWD'),(21,2,2,'2021719KA',28,'KA52856005krbfyiyhkk','2017-03-25 02:17:06','KRSTA','ANUNDA','KRSTAA28@schub.com','KRSTAA28PWD'),(18,2,3,'2021720SS',23,'SS13746293xsdsdavmjr','2017-03-25 02:17:06','SATJEET','STEFFEN','SATJEETS23@schub.com','SATJEETS23PWD'),(24,1,2,'2022721EM',17,'EM75116950lzfesbrult','2017-03-25 02:17:06','ERCOLE-NICOLA','MILER','ERCOLE-NICOLAM17@schub.com','ERCOLE-NICOLAM17PWD'),(22,1,1,'2022722BK',14,'BK56236622omcufvdunz','2017-03-25 02:17:06','BRENT-FRANCIS','KOL','BRENT-FRANCISK14@schub.com','BRENT-FRANCISK14PWD'),(23,2,4,'2021723YS',14,'YS40109190ooizballop','2017-03-25 02:17:06','YAAN','SHEMAIAH','YAANS14@schub.com','YAANS14PWD'),(16,1,1,'2022724RB',20,'RB29316228pnfriidtpg','2017-03-25 02:17:06','RICKY','BIBSON','RICKYB20@schub.com','RICKYB20PWD'),(21,2,4,'2021725VT',26,'VT20665542idslkjjrvw','2017-03-25 02:17:06','VIESTURS','TYLAH','VIESTURST26@schub.com','VIESTURST26PWD'),(30,1,1,'2022726TH',26,'TH78160339okencfdmhb','2017-03-25 02:17:06','TULIO','HOLDYN','TULIOH26@schub.com','TULIOH26PWD'),(18,2,4,'2021727ES',4,'ES70342246umvrhlhybe','2017-03-25 02:17:06','ESHAAN','SAVAS','ESHAANS4@schub.com','ESHAANS4PWD'),(30,2,2,'2021728DL',15,'DL49951035dxzijmntrp','2017-03-25 02:17:06','DUSTYN','LETTERIO','DUSTYNL15@schub.com','DUSTYNL15PWD'),(25,2,2,'2021729CC',4,'CC97021593mrichrehpx','2017-03-25 02:17:06','CAROLYN','CAILEAN','CAROLYNC4@schub.com','CAROLYNC4PWD'),(16,2,4,'2021730HJ',20,'HJ56029475jtupmaczwv','2017-03-25 02:17:06','HINDERK','JAYKEB','HINDERKJ20@schub.com','HINDERKJ20PWD'),(23,2,4,'2021731ZC',13,'ZC60815033fqyxgsqodu','2017-03-25 02:17:06','ZAHN','CONNY','ZAHNC13@schub.com','ZAHNC13PWD'),(22,2,4,'2021732MV',27,'MV93882804erecqsihpv','2017-03-25 02:17:06','MARLEEN','VALDIS-ALFONS','MARLEENV27@schub.com','MARLEENV27PWD'),(16,2,4,'2021733AD',29,'AD53210647pwhokuphik','2017-03-25 02:17:06','AHAAN','DANH','AHAAND29@schub.com','AHAAND29PWD'),(26,2,4,'2021734VU',28,'VU94394214obzveybjqu','2017-03-25 02:17:06','VANNASINH','UMANUOL','VANNASINHU28@schub.com','VANNASINHU28PWD'),(20,1,3,'2022735MB',11,'MB36647294twwhljtdrn','2017-03-25 02:17:06','MANOLO','BRYNDON','MANOLOB11@schub.com','MANOLOB11PWD'),(27,1,2,'2022736IK',1,'IK23319101ehlhfhlyeo','2017-03-25 02:17:06','I','KAYLAN','IK1@schub.com','IK1PWD'),(24,2,4,'2021737RN',7,'RN27244865plphewsoot','2017-03-25 02:17:06','ROYDEN','NATHELIE','ROYDENN7@schub.com','ROYDENN7PWD'),(27,2,3,'2021738YS',23,'YS74501849cojievsjfe','2017-03-25 02:17:06','YAKSH','SRDAN-VUK','YAKSHS23@schub.com','YAKSHS23PWD'),(29,2,4,'2021739MS',12,'MS80441529yhdwmbsmap','2017-03-25 02:17:06','MEG','SPERO','MEGS12@schub.com','MEGS12PWD'),(17,2,4,'2021740FG',2,'FG20448648toegvinqrc','2017-03-25 02:17:06','FOUED','GAVERN','FOUEDG2@schub.com','FOUEDG2PWD'),(19,1,2,'2022741CT',3,'CT63797598lrtpvumefo','2017-03-25 02:17:06','CHUN','TOMOS','CHUNT3@schub.com','CHUNT3PWD'),(27,1,4,'2022742PK',2,'PK83623171kxscytkcjp','2017-03-25 02:17:06','PADRAIZ','KAAREN','PADRAIZK2@schub.com','PADRAIZK2PWD'),(24,2,2,'2021743AN',18,'AN15079591nkqzooptgp','2017-03-25 02:17:06','ASSUERO','NATASHA','ASSUERON18@schub.com','ASSUERON18PWD'),(19,1,2,'2022744ED',17,'ED51241574dfxoalibir','2017-03-25 02:17:06','ERSAN','DANAR','ERSAND17@schub.com','ERSAND17PWD'),(27,2,2,'2021745JA',9,'JA95638353simiwkkroh','2017-03-25 02:17:06','JAIRUS','ABISELOM','JAIRUSA9@schub.com','JAIRUSA9PWD'),(23,1,3,'2022746JR',13,'JR42267306deajlcsrwe','2017-03-25 02:17:06','JERICHO','RAJEEV','JERICHOR13@schub.com','JERICHOR13PWD'),(24,1,1,'2022747TP',23,'TP48468152minpnfkboz','2017-03-25 02:17:06','TEISON','PATRICK-WAKA','TEISONP23@schub.com','TEISONP23PWD'),(24,2,4,'2021748MZ',26,'MZ32280730pvmtdzrdvj','2017-03-25 02:17:06','MELSHUEL','ZDISLAW','MELSHUELZ26@schub.com','MELSHUELZ26PWD'),(26,2,4,'2021749JT',23,'JT69204057draxxjopug','2017-03-25 02:17:06','JODI-LEE','THARAN','JODI-LEET23@schub.com','JODI-LEET23PWD'),(29,1,1,'2022750AG',5,'AG15767053splbwqlaxn','2017-03-25 02:17:06','AKAAN','GREGOREY','AKAANG5@schub.com','AKAANG5PWD'),(21,2,3,'2021751FZ',14,'FZ84441580mrlpkvggph','2017-03-25 02:17:06','FAROUQ','ZAYLIN','FAROUQZ14@schub.com','FAROUQZ14PWD'),(21,2,4,'2021752JL',24,'JL73771333wjjrokejta','2017-03-25 02:17:06','JO-ANN','LINFORD','JO-ANNL24@schub.com','JO-ANNL24PWD'),(25,2,2,'2021753ZK',19,'ZK68095547kzaebmwbxe','2017-03-25 02:17:06','ZSOLTAN','KIRON','ZSOLTANK19@schub.com','ZSOLTANK19PWD'),(16,2,3,'2021754KA',21,'KA10999239vkriszirds','2017-03-25 02:17:06','KAIGE','ARVIC','KAIGEA21@schub.com','KAIGEA21PWD'),(29,2,4,'2021755TC',10,'TC91612552vllhvghvjy','2017-03-25 02:17:06','TOVI','CAIHLEB','TOVIC10@schub.com','TOVIC10PWD'),(19,1,2,'2022756EP',26,'EP36944313vdpyvjfott','2017-03-25 02:17:06','EUGENIUSZ','PAUL-ARDMORE','EUGENIUSZP26@schub.com','EUGENIUSZP26PWD'),(26,2,2,'2021757JK',14,'JK30540897tpbdqrnnlx','2017-03-25 02:17:06','JEDUAH','KEIRYN','JEDUAHK14@schub.com','JEDUAHK14PWD'),(26,1,4,'2022758OK',17,'OK38162577ngjbfczply','2017-03-25 02:17:06','OMERO','KEAGAN','OMEROK17@schub.com','OMEROK17PWD'),(20,1,4,'2022759LT',10,'LT39190229ozjyzhuxes','2017-03-25 02:17:06','LEWIE','TYSON-ALLAN','LEWIET10@schub.com','LEWIET10PWD'),(20,1,4,'2022760KG',5,'KG17942303dljcgomevz','2017-03-25 02:17:06','KHOBI','GUNTAAS','KHOBIG5@schub.com','KHOBIG5PWD'),(18,2,2,'2021761SS',6,'SS80736398lipvmozdnb','2017-03-25 02:17:06','SARMIS','SAAB','SARMISS6@schub.com','SARMISS6PWD'),(19,2,4,'2021762GI',14,'GI66458841scinurvcjr','2017-03-25 02:17:06','GUSS','INDRA','GUSSI14@schub.com','GUSSI14PWD'),(30,1,2,'2022763AJ',6,'AJ88034581ruuuousrmb','2017-03-25 02:17:06','AMRIT','JOMAI','AMRITJ6@schub.com','AMRITJ6PWD'),(28,2,4,'2021764SP',23,'SP20693231hiwbfggvtf','2017-03-25 02:17:06','SOKUN','PAUL-STEVEN','SOKUNP23@schub.com','SOKUNP23PWD'),(28,1,3,'2022765SK',24,'SK14758252gwvdvdwyxq','2017-03-25 02:17:06','SHURAIM','KANE','SHURAIMK24@schub.com','SHURAIMK24PWD'),(30,1,1,'2022766VA',12,'VA33112120snlaovvmgr','2017-03-25 02:17:06','VISHAL','ADITIYA','VISHALA12@schub.com','VISHALA12PWD'),(29,1,3,'2022767TM',18,'TM63222586pydfvzifcm','2017-03-25 02:17:06','TAIT','MANAS','TAITM18@schub.com','TAITM18PWD'),(18,2,4,'2021768CM',3,'CM48247791nxiptrawue','2017-03-25 02:17:06','CHOULPOND','MIKI','CHOULPONDM3@schub.com','CHOULPONDM3PWD'),(26,1,3,'2022769FB',25,'FB89734812znvboohwol','2017-03-25 02:17:06','FRANK-SHANE','BRAYDEN-JOHN','FRANK-SHANEB25@schub.com','FRANK-SHANEB25PWD'),(23,2,2,'2021770AA',13,'AA39753334stqentmslr','2017-03-25 02:17:06','ALISA','AURTHUR','ALISAA13@schub.com','ALISAA13PWD'),(19,2,2,'2021771OZ',19,'OZ49181064rurpnlwqfn','2017-03-25 02:17:06','OCCY','ZYLON','OCCYZ19@schub.com','OCCYZ19PWD'),(18,2,3,'2021772LN',12,'LN22400932gqrsqmxjgc','2017-03-25 02:17:06','LUBOMYR','NAVRAJ','LUBOMYRN12@schub.com','LUBOMYRN12PWD'),(30,1,4,'2022773CT',21,'CT29353209zxrsrgaawp','2017-03-25 02:17:06','CRANSTON','TREYSON','CRANSTONT21@schub.com','CRANSTONT21PWD'),(27,1,2,'2022774RP',18,'RP13273476rwmegwpxwy','2017-03-25 02:17:06','RAFI','PETTER','RAFIP18@schub.com','RAFIP18PWD'),(26,2,2,'2021775KN',13,'KN96985286osnyajxutf','2017-03-25 02:17:06','KYZA','NAREN','KYZAN13@schub.com','KYZAN13PWD'),(21,2,3,'2021776CC',12,'CC91936726rxwpxcrveu','2017-03-25 02:17:06','CLAUDIA','CHARLES-WALLACE','CLAUDIAC12@schub.com','CLAUDIAC12PWD'),(27,1,3,'2022777AS',5,'AS40479665igbazdnveu','2017-03-25 02:17:06','ARNOULUCK','SIETYNAS','ARNOULUCKS5@schub.com','ARNOULUCKS5PWD'),(16,2,3,'2021778WU',10,'WU82161364tpfcrglyfk','2017-03-25 02:17:06','WAINE','UN','WAINEU10@schub.com','WAINEU10PWD'),(17,2,2,'2021779AR',6,'AR67006196hzzzmaxorv','2017-03-25 02:17:06','AIDON','RHORY','AIDONR6@schub.com','AIDONR6PWD'),(19,2,4,'2021780TT',2,'TT37138915pojouvwbjw','2017-03-25 02:17:06','TIAN-MING','TOOULI','TIAN-MINGT2@schub.com','TIAN-MINGT2PWD'),(28,2,4,'2021781EG',28,'EG20614545eyaysyjfdo','2017-03-25 02:17:06','EDWARDAS','GENIUS','EDWARDASG28@schub.com','EDWARDASG28PWD'),(29,1,1,'2022782BT',28,'BT33540370mzboirkvuc','2017-03-25 02:17:06','BRACKEN','TAAJ','BRACKENT28@schub.com','BRACKENT28PWD'),(24,2,4,'2021783NI',11,'NI28523553vsmsweoqbe','2017-03-25 02:17:06','NOBLELINE','IANNI','NOBLELINEI11@schub.com','NOBLELINEI11PWD'),(25,1,4,'2022784NT',3,'NT73541628klkbmpyfsx','2017-03-25 02:17:06','NAVIN','TANEK','NAVINT3@schub.com','NAVINT3PWD'),(23,2,2,'2021785PM',26,'PM85160165egxezdwdfv','2017-03-25 02:17:06','PADRIAC','MELVILL','PADRIACM26@schub.com','PADRIACM26PWD'),(28,1,3,'2022786KL',17,'KL90338872cfvbgwxbuk','2017-03-25 02:17:06','KYNON','LYNDALL','KYNONL17@schub.com','KYNONL17PWD'),(26,2,3,'2021787XK',13,'XK69723060evjpxybblq','2017-03-25 02:17:06','XAVIAR','KIICHI','XAVIARK13@schub.com','XAVIARK13PWD'),(23,1,1,'2022788KR',16,'KR12879252lxcczsgwln','2017-03-25 02:17:06','KIATO','RHETT','KIATOR16@schub.com','KIATOR16PWD'),(23,1,4,'2022789KU',4,'KU96595569ylrjbhwqwr','2017-03-25 02:17:06','KAIDE','UMAYR','KAIDEU4@schub.com','KAIDEU4PWD'),(27,2,3,'2021790GZ',10,'GZ62338218mwyhemmhkq','2017-03-25 02:17:06','GIANLUIGI','ZANON','GIANLUIGIZ10@schub.com','GIANLUIGIZ10PWD'),(23,2,4,'2021791MW',18,'MW23024948vsoevkszkg','2017-03-25 02:17:06','MIKEAL','WYNN','MIKEALW18@schub.com','MIKEALW18PWD'),(20,1,1,'2022792LC',29,'LC81461388xercuhjjqh','2017-03-25 02:17:06','LIRIO','CORT','LIRIOC29@schub.com','LIRIOC29PWD'),(20,1,4,'2022793DD',4,'DD33255007xguglayymm','2017-03-25 02:17:06','DIAVION','DRIAN','DIAVIOND4@schub.com','DIAVIOND4PWD'),(30,2,3,'2021794SM',25,'SM82267709qsmukaphkr','2017-03-25 02:17:06','SHARAIM','MELCHIOR','SHARAIMM25@schub.com','SHARAIMM25PWD'),(21,2,3,'2021795MJ',9,'MJ13732433pcecgebkjw','2017-03-25 02:17:06','MIDCHELL','JONTY-AMBROSE','MIDCHELLJ9@schub.com','MIDCHELLJ9PWD'),(18,1,3,'2022796CA',9,'CA23402458jzphruygmc','2017-03-25 02:17:06','CHRISANTHI','AAROOSH','CHRISANTHIA9@schub.com','CHRISANTHIA9PWD'),(24,1,1,'2022797SS',19,'SS58363899crobwxlbjx','2017-03-25 02:17:06','SAIJ','SINIBALDO','SAIJS19@schub.com','SAIJS19PWD'),(16,2,4,'2021798MC',20,'MC73093559nttauxofst','2017-03-25 02:17:06','MARRACK','CRIAG','MARRACKC20@schub.com','MARRACKC20PWD'),(23,2,3,'2021799CL',19,'CL83766670jlrozhteta','2017-03-25 02:17:06','CARLEN','LYNDA','CARLENL19@schub.com','CARLENL19PWD'),(24,1,1,'2022800BC',19,'BC11517094qefpaznfdk','2017-03-25 02:17:06','BRODIE-JAY','COSTADINOS','BRODIE-JAYC19@schub.com','BRODIE-JAYC19PWD'),(25,1,2,'2022801OH',29,'OH87934621xnlfcgthbj','2017-03-25 02:17:06','OTIS','HARON','OTISH29@schub.com','OTISH29PWD'),(20,2,3,'2021802BC',27,'BC63180187hnmaauzbqi','2017-03-25 02:17:06','BRYNMOR','CAYDE','BRYNMORC27@schub.com','BRYNMORC27PWD'),(23,1,1,'2022803KK',4,'KK53406689napoewfrdf','2017-03-25 02:17:06','KERROD','KALAB','KERRODK4@schub.com','KERRODK4PWD'),(27,1,1,'2022804AB',7,'AB51440440heovmgrmvk','2017-03-25 02:17:06','ANESTIS','BANNER','ANESTISB7@schub.com','ANESTISB7PWD'),(19,1,2,'2022805SJ',23,'SJ68704052psdufpaqve','2017-03-25 02:17:06','SAATVIK','JEAN-PHILLIPE','SAATVIKJ23@schub.com','SAATVIKJ23PWD'),(21,2,2,'2021806KY',12,'KY26225832jquxohsewo','2017-03-25 02:17:06','KIEFER','YATISH','KIEFERY12@schub.com','KIEFERY12PWD'),(22,2,3,'2021807ST',10,'ST14961664bfitxkqkpp','2017-03-25 02:17:06','SCOTT-BRADY','TORBEN','SCOTT-BRADYT10@schub.com','SCOTT-BRADYT10PWD'),(16,2,2,'2021808KB',4,'KB26951276bztrxomcuo','2017-03-25 02:17:06','KARUM','BOWDE','KARUMB4@schub.com','KARUMB4PWD'),(21,2,4,'2021809TM',23,'TM14756749wwhzxvjljj','2017-03-25 02:17:06','TRUMAYNE','MASSIMO','TRUMAYNEM23@schub.com','TRUMAYNEM23PWD'),(22,1,3,'2022810BM',22,'BM41520895bwmoxgcuuv','2017-03-25 02:17:06','BISANGWA','MADDE','BISANGWAM22@schub.com','BISANGWAM22PWD'),(30,1,3,'2022811PB',8,'PB78801382lcblhhguei','2017-03-25 02:17:06','PHI-HOANG','BUD','PHI-HOANGB8@schub.com','PHI-HOANGB8PWD'),(27,2,3,'2021812MW',22,'MW45516041dfrldmkxlg','2017-03-25 02:17:06','MAJDE','WINCHESTER','MAJDEW22@schub.com','MAJDEW22PWD'),(29,2,3,'2021813KO',24,'KO47264615yklcyaexuf','2017-03-25 02:17:06','KIRHAN','OWYNN','KIRHANO24@schub.com','KIRHANO24PWD'),(30,1,2,'2022814OW',7,'OW32978712joacnhcvdn','2017-03-25 02:17:06','OLIVER-JAIE','WUOI','OLIVER-JAIEW7@schub.com','OLIVER-JAIEW7PWD'),(26,1,3,'2022815IR',1,'IR96347051waaffolvew','2017-03-25 02:17:06','IA','ROB','IAR1@schub.com','IAR1PWD'),(18,2,3,'2021816BN',10,'BN16723637jdpdmeqoqi','2017-03-25 02:17:06','BRYNEN','NINH','BRYNENN10@schub.com','BRYNENN10PWD'),(26,2,4,'2021817MS',9,'MS24126088nsgvaoogze','2017-03-25 02:17:06','MRK','SHANKERAN','MRKS9@schub.com','MRKS9PWD'),(25,2,4,'2021818KO',28,'KO66079329kwehpozytl','2017-03-25 02:17:06','KAYLIB','ORBISON','KAYLIBO28@schub.com','KAYLIBO28PWD'),(27,1,1,'2022819MT',14,'MT13763957utvpojbutw','2017-03-25 02:17:06','MARKE','TRYON','MARKET14@schub.com','MARKET14PWD'),(26,2,2,'2021820RS',15,'RS82250655nuvxpkpvls','2017-03-25 02:17:06','RAYMOND','SHUBAN','RAYMONDS15@schub.com','RAYMONDS15PWD'),(18,2,4,'2021821AM',16,'AM26740341estjqsghfn','2017-03-25 02:17:06','AGRON','MANI','AGRONM16@schub.com','AGRONM16PWD'),(16,2,2,'2021822JK',29,'JK50421827ndgegdpyet','2017-03-25 02:17:06','JOSHUEL','KUCH-KON','JOSHUELK29@schub.com','JOSHUELK29PWD'),(22,1,4,'2022823EW',10,'EW54335758tzqwehrfcw','2017-03-25 02:17:06','ESCHER','WINN','ESCHERW10@schub.com','ESCHERW10PWD'),(27,1,4,'2022824TI',4,'TI97686063gllodmitic','2017-03-25 02:17:06','THOR-HAKON','IJAZ','THOR-HAKONI4@schub.com','THOR-HAKONI4PWD'),(30,1,1,'2022825BM',3,'BM83704317ugyeirhwxn','2017-03-25 02:17:06','BIAGIO','MUNAHID','BIAGIOM3@schub.com','BIAGIOM3PWD'),(25,1,3,'2022826FM',8,'FM31225881vqttqotgnp','2017-03-25 02:17:06','FEZULLA','MISHO','FEZULLAM8@schub.com','FEZULLAM8PWD'),(21,2,4,'2021827ZP',24,'ZP21396879bzgqbgijix','2017-03-25 02:17:06','ZIHENG','PRATEEK','ZIHENGP24@schub.com','ZIHENGP24PWD'),(27,2,4,'2021828JA',25,'JA89512567lyiqoqcksq','2017-03-25 02:17:06','JEMISON','AMEDEO','JEMISONA25@schub.com','JEMISONA25PWD'),(27,2,3,'2021829EK',10,'EK95231153emdozxeuza','2017-03-25 02:17:06','ELEFTERIOU','KOLBI','ELEFTERIOUK10@schub.com','ELEFTERIOUK10PWD'),(23,2,3,'2021830MT',2,'MT81268587vlfabzdbyj','2017-03-25 02:17:06','MASUD','TUSHAR','MASUDT2@schub.com','MASUDT2PWD'),(21,1,2,'2022831DR',3,'DR56921068ajfqurnkpc','2017-03-25 02:17:06','DENNISE','RAFFAELA','DENNISER3@schub.com','DENNISER3PWD'),(30,2,2,'2021832VK',12,'VK82749705jcjytbpurv','2017-03-25 02:17:06','VIDAL','KUSINI','VIDALK12@schub.com','VIDALK12PWD'),(30,2,3,'2021833SP',9,'SP32813430msvqpxzslf','2017-03-25 02:17:06','SNEHDEEP','PERTHO','SNEHDEEPP9@schub.com','SNEHDEEPP9PWD'),(17,2,4,'2021834DD',6,'DD38166383irkivxkcjn','2017-03-25 02:17:06','DARSHBIR','DOMENICO','DARSHBIRD6@schub.com','DARSHBIRD6PWD'),(30,1,4,'2022835DK',19,'DK70143830pkmsqxtcqo','2017-03-25 02:17:06','DANISH','KINGSLY','DANISHK19@schub.com','DANISHK19PWD'),(17,1,2,'2022836NZ',1,'NZ59800512fzznlwjmzz','2017-03-25 02:17:06','NORA','ZYGH','NORAZ1@schub.com','NORAZ1PWD'),(16,1,1,'2022837DT',7,'DT48072493mjdaccxrwj','2017-03-25 02:17:06','DANIALO','TASO','DANIALOT7@schub.com','DANIALOT7PWD'),(16,1,4,'2022838SK',9,'SK48258667amffiurckn','2017-03-25 02:17:06','SAFA','KIRIAKO','SAFAK9@schub.com','SAFAK9PWD'),(28,1,2,'2022839CB',12,'CB41386612vzoqtbkvoz','2017-03-25 02:17:06','CALIEN','BARCLAY','CALIENB12@schub.com','CALIENB12PWD'),(24,2,4,'2021840AY',24,'AY85338847qipxzdkbbt','2017-03-25 02:17:06','ANDY','YUVARAJ','ANDYY24@schub.com','ANDYY24PWD'),(21,2,3,'2021841NT',16,'NT37017596clidbjvdzh','2017-03-25 02:17:06','NIXZON','THAISIN','NIXZONT16@schub.com','NIXZONT16PWD'),(23,1,1,'2022842RA',12,'RA29310199etptjolfeg','2017-03-25 02:17:06','RYKER','AMEKE','RYKERA12@schub.com','RYKERA12PWD'),(24,2,2,'2021843DG',22,'DG98218908qhvpuoitmj','2017-03-25 02:17:06','DEREK','GOVIND','DEREKG22@schub.com','DEREKG22PWD'),(24,1,2,'2022844AT',25,'AT81001412vflsffoqph','2017-03-25 02:17:06','ATHANASIOUS','TREVON','ATHANASIOUST25@schub.com','ATHANASIOUST25PWD'),(30,1,2,'2022845BK',8,'BK43484701svacmfusqh','2017-03-25 02:17:06','BAILY','KATHAL','BAILYK8@schub.com','BAILYK8PWD'),(27,1,1,'2022846DA',17,'DA31955493fvnoqvijee','2017-03-25 02:17:06','DANIAM','AREZ','DANIAMA17@schub.com','DANIAMA17PWD'),(29,1,4,'2022847EC',13,'EC74332957nckwmffgwa','2017-03-25 02:17:06','ELVI','CRISTOFENO','ELVIC13@schub.com','ELVIC13PWD'),(29,2,4,'2021848AM',10,'AM39665361lsuhroctlb','2017-03-25 02:17:06','AARUSH','MONTEL','AARUSHM10@schub.com','AARUSHM10PWD'),(21,1,1,'2022849SA',3,'SA11343377zmzoqemebc','2017-03-25 02:17:06','SALATORI','ARIA','SALATORIA3@schub.com','SALATORIA3PWD'),(30,1,2,'2022850RJ',18,'RJ30735126svtdijfbgb','2017-03-25 02:17:06','RARLTYN','JAMASEN','RARLTYNJ18@schub.com','RARLTYNJ18PWD'),(24,1,3,'2022851PL',20,'PL82815142fozqehgolu','2017-03-25 02:17:06','PROCTER','LAHNI','PROCTERL20@schub.com','PROCTERL20PWD'),(25,1,3,'2022852TT',20,'TT57403557ackamlrhty','2017-03-25 02:17:06','TALI','TRAVIS-QWENTON','TALIT20@schub.com','TALIT20PWD'),(25,1,1,'2022853AR',29,'AR59357190cwyamdkvlq','2017-03-25 02:17:06','ANGELIS','ROSARIA','ANGELISR29@schub.com','ANGELISR29PWD'),(17,1,3,'2022854RS',1,'RS12955086hndxrextgk','2017-03-25 02:17:06','REXLEY','STEYSON','REXLEYS1@schub.com','REXLEYS1PWD'),(29,2,2,'2021855CH',5,'CH72241413vvuxikngjf','2017-03-25 02:17:06','CHASE-MICHAEL','HERALD','CHASE-MICHAELH5@schub.com','CHASE-MICHAELH5PWD'),(20,2,4,'2021856HE',4,'HE48958397bgvsugbkzw','2017-03-25 02:17:06','HAMIT','EMRYS','HAMITE4@schub.com','HAMITE4PWD'),(29,1,3,'2022857LJ',22,'LJ59532144xzrkjeyrdj','2017-03-25 02:17:06','LOWRENCE','JOSUE','LOWRENCEJ22@schub.com','LOWRENCEJ22PWD'),(16,1,4,'2022858JS',2,'JS20790072gaflvlzcmv','2017-03-25 02:17:06','JERMAIN','SELMON','JERMAINS2@schub.com','JERMAINS2PWD'),(24,2,3,'2021859JA',9,'JA37832204tlghdhokcl','2017-03-25 02:17:06','JAZZLEE','ALEXAN','JAZZLEEA9@schub.com','JAZZLEEA9PWD'),(19,2,3,'2021860DD',29,'DD96467459najgcmfgkz','2017-03-25 02:17:06','DENNIS','DIVON','DENNISD29@schub.com','DENNISD29PWD'),(16,1,3,'2022861KJ',7,'KJ98354117toaralbojw','2017-03-25 02:17:06','KYHL','JAEKOB','KYHLJ7@schub.com','KYHLJ7PWD'),(22,2,2,'2021862SS',3,'SS19025427qmzvozvjif','2017-03-25 02:17:06','SANDER','SMITH','SANDERS3@schub.com','SANDERS3PWD'),(24,2,2,'2021863TJ',12,'TJ11868106ewgkoxaymf','2017-03-25 02:17:06','TOMMAS','JACINTA','TOMMASJ12@schub.com','TOMMASJ12PWD'),(26,1,1,'2022864AM',24,'AM58884931rbuenqqfsl','2017-03-25 02:17:06','ANTHONY-JOHN','MAX-MARO','ANTHONY-JOHNM24@schub.com','ANTHONY-JOHNM24PWD'),(25,2,3,'2021865KJ',12,'KJ23016666qhsydaimig','2017-03-25 02:17:06','KARRYN','JUGJIT','KARRYNJ12@schub.com','KARRYNJ12PWD'),(25,1,4,'2022866IR',22,'IR28076316hkenkybsay','2017-03-25 02:17:06','ISZAK','ROMA','ISZAKR22@schub.com','ISZAKR22PWD'),(24,1,1,'2022867GG',22,'GG18598442xrxdwswcwr','2017-03-25 02:17:06','GUILFORD','GARRICK','GUILFORDG22@schub.com','GUILFORDG22PWD'),(16,1,2,'2022868JF',5,'JF69857603refciezqmp','2017-03-25 02:17:06','JON-JACOBS','FAMUEL','JON-JACOBSF5@schub.com','JON-JACOBSF5PWD'),(30,2,4,'2021869MD',14,'MD80226385gtzsdaxovv','2017-03-25 02:17:06','MERRYN','DANNION','MERRYND14@schub.com','MERRYND14PWD'),(19,2,3,'2021870NS',19,'NS83969476qhnyucntgl','2017-03-25 02:17:06','NESHAUN','SHANNON-LEIGH','NESHAUNS19@schub.com','NESHAUNS19PWD'),(22,1,3,'2022871CT',14,'CT29820358wjseuzbbbt','2017-03-25 02:17:06','CHRISTOFPHER','TCHI','CHRISTOFPHERT14@schub.com','CHRISTOFPHERT14PWD'),(30,2,2,'2021872JD',24,'JD85373661fmviswrvpv','2017-03-25 02:17:06','JAYLEN','DURIM','JAYLEND24@schub.com','JAYLEND24PWD'),(17,1,1,'2022873WR',13,'WR14404511yhxddbpzjl','2017-03-25 02:17:06','WAYLEN','REIMA','WAYLENR13@schub.com','WAYLENR13PWD'),(16,1,4,'2022874JP',3,'JP94018508utjjmjpfdm','2017-03-25 02:17:06','JAMIESON','PEV','JAMIESONP3@schub.com','JAMIESONP3PWD'),(24,1,3,'2022875MJ',4,'MJ37459962evwysrszoi','2017-03-25 02:17:06','MARCIANO','JASKARN','MARCIANOJ4@schub.com','MARCIANOJ4PWD'),(22,1,2,'2022876WV',3,'WV50146066ghisfdgpak','2017-03-25 02:17:06','WHITLAM','VILI','WHITLAMV3@schub.com','WHITLAMV3PWD'),(21,1,2,'2022877TD',15,'TD94408567ocpzdggpbw','2017-03-25 02:17:06','TIMOCI','DONOVAN','TIMOCID15@schub.com','TIMOCID15PWD'),(18,1,4,'2022878SN',6,'SN24444778yzvkxtqwaj','2017-03-25 02:17:06','SHADRACH','NOOR-AL','SHADRACHN6@schub.com','SHADRACHN6PWD'),(22,2,4,'2021879GB',1,'GB73300559wfjghwowib','2017-03-25 02:17:06','GIOACEHINO','BRANDON-JOE','GIOACEHINOB1@schub.com','GIOACEHINOB1PWD'),(30,1,2,'2022880DM',16,'DM61204995xcnkirgrdp','2017-03-25 02:17:06','DEYON','MIKHAEL','DEYONM16@schub.com','DEYONM16PWD'),(29,2,3,'2021881EC',2,'EC37166159laixrxpfgj','2017-03-25 02:17:06','EKAMJEET','COEL','EKAMJEETC2@schub.com','EKAMJEETC2PWD'),(23,1,3,'2022882TB',1,'TB43640714wicizbvexm','2017-03-25 02:17:06','TIMOTEO','BONO','TIMOTEOB1@schub.com','TIMOTEOB1PWD'),(30,1,4,'2022883TW',1,'TW85569838spnnwayurq','2017-03-25 02:17:06','TSUNG-WEI','WIL','TSUNG-WEIW1@schub.com','TSUNG-WEIW1PWD'),(19,2,3,'2021884OD',2,'OD75393241qoklizemvq','2017-03-25 02:17:06','OUMARU','DUGLAS','OUMARUD2@schub.com','OUMARUD2PWD'),(22,1,3,'2022885GD',15,'GD51663215wyqdsttyrt','2017-03-25 02:17:06','GREGORIS','DARYCE','GREGORISD15@schub.com','GREGORISD15PWD'),(25,2,4,'2021886MK',9,'MK38553914vxarqhavuw','2017-03-25 02:17:06','MUNEEB','KEIDIS','MUNEEBK9@schub.com','MUNEEBK9PWD'),(18,2,4,'2021887KI',7,'KI72358899jfnkjlyepn','2017-03-25 02:17:06','KEHER','ISIDOROS','KEHERI7@schub.com','KEHERI7PWD'),(17,2,2,'2021888BT',24,'BT99400907xxqiyixver','2017-03-25 02:17:06','BASHEER','TAO','BASHEERT24@schub.com','BASHEERT24PWD'),(18,1,2,'2022889FI',10,'FI96578853mwfjzbqbfp','2017-03-25 02:17:06','FERMO','ILBERT','FERMOI10@schub.com','FERMOI10PWD'),(24,2,4,'2021890SP',1,'SP27454260tvqfgwygox','2017-03-25 02:17:06','SHAYAN','PASQUALINA','SHAYANP1@schub.com','SHAYANP1PWD'),(20,1,1,'2022891CX',11,'CX64581797hmoccwndqx','2017-03-25 02:17:06','CLAUS','XU-XI','CLAUSX11@schub.com','CLAUSX11PWD'),(26,1,1,'2022892DU',3,'DU81933839neevsxexpe','2017-03-25 02:17:06','DARRYN','UPALI','DARRYNU3@schub.com','DARRYNU3PWD'),(26,1,1,'2022893KR',17,'KR64855148pajsorpjjv','2017-03-25 02:17:06','KAIDIAN','RICKISTA','KAIDIANR17@schub.com','KAIDIANR17PWD'),(23,1,2,'2022894CK',18,'CK43168534bkgkioubcw','2017-03-25 02:17:06','CODY-JOE','KHAJIHO','CODY-JOEK18@schub.com','CODY-JOEK18PWD'),(16,2,4,'2021895RR',17,'RR49872625pgfkshudvu','2017-03-25 02:17:06','RANRANBIR','RODELL','RANRANBIRR17@schub.com','RANRANBIRR17PWD'),(25,1,3,'2022896OM',22,'OM69712145dsekwoujkk','2017-03-25 02:17:06','OFA','MOULOUD','OFAM22@schub.com','OFAM22PWD'),(30,2,4,'2021897SS',15,'SS78412215xixbtostji','2017-03-25 02:17:06','SANJAYA','SAFWAN','SANJAYAS15@schub.com','SANJAYAS15PWD'),(22,1,4,'2022898TM',18,'TM19369066ehacxnungc','2017-03-25 02:17:06','TRELEALLE','MOKSH','TRELEALLEM18@schub.com','TRELEALLEM18PWD'),(17,1,1,'2022899MA',17,'MA88329075tubmljxsmw','2017-03-25 02:17:06','MALCOLM-BRIAN','AENGUS','MALCOLM-BRIANA17@schub.com','MALCOLM-BRIANA17PWD'),(24,1,3,'2022900AK',4,'AK26090181ewwsrqwpss','2017-03-25 02:17:06','ANEKIN','KNEALE','ANEKINK4@schub.com','ANEKINK4PWD'),(27,2,3,'2021901GZ',5,'GZ96813229ftwwzzxqqr','2017-03-25 02:17:06','GAILENE','ZIYA','GAILENEZ5@schub.com','GAILENEZ5PWD'),(27,1,4,'2022902DE',15,'DE37830166hrmdhhzgot','2017-03-25 02:17:06','DYLAN-RAY','ERROLL','DYLAN-RAYE15@schub.com','DYLAN-RAYE15PWD'),(26,2,2,'2021903AT',1,'AT84834790twoqxvceut','2017-03-25 02:17:06','ABUBAKR','TARUS','ABUBAKRT1@schub.com','ABUBAKRT1PWD'),(17,2,2,'2021904CB',23,'CB78410951enshjxfrki','2017-03-25 02:17:06','CHENDAN','BOGOSLOW','CHENDANB23@schub.com','CHENDANB23PWD'),(17,1,2,'2022905CL',9,'CL55947377olgtgvnihr','2017-03-25 02:17:06','CHANRITHY','LAWRANCE','CHANRITHYL9@schub.com','CHANRITHYL9PWD'),(21,2,4,'2021906KC',22,'KC44155630etbbcrygwp','2017-03-25 02:17:06','KALAI','CASTIEL','KALAIC22@schub.com','KALAIC22PWD'),(29,1,4,'2022907SS',12,'SS80207225ivjeipmjqx','2017-03-25 02:17:06','SACHAREAS','SARANTOS','SACHAREASS12@schub.com','SACHAREASS12PWD'),(20,2,4,'2021908EA',2,'EA15839395bdygsuqazv','2017-03-25 02:17:06','EMMANUELE','AURELLIO','EMMANUELEA2@schub.com','EMMANUELEA2PWD'),(18,2,4,'2021909HB',16,'HB73342995rlugsvkdbr','2017-03-25 02:17:06','HARVY','BENJ','HARVYB16@schub.com','HARVYB16PWD'),(29,2,3,'2021910IJ',11,'IJ33449302ohssveglsg','2017-03-25 02:17:06','ISSAIAH','JURGIS','ISSAIAHJ11@schub.com','ISSAIAHJ11PWD'),(30,1,1,'2022911MR',17,'MR67283037fjneororep','2017-03-25 02:17:06','MOHAMEDAMIN','REUVEN','MOHAMEDAMINR17@schub.com','MOHAMEDAMINR17PWD'),(16,2,2,'2021912CL',13,'CL23366497ewvxaaybrp','2017-03-25 02:17:06','CASANDRA','LEUREITH','CASANDRAL13@schub.com','CASANDRAL13PWD'),(25,2,2,'2021913JS',17,'JS65117548lguuemqaqk','2017-03-25 02:17:06','JAHRAD','STEELY','JAHRADS17@schub.com','JAHRADS17PWD'),(25,2,2,'2021914AB',20,'AB42527127qoywolvdgv','2017-03-25 02:17:06','AYDEN-LEE','BRANIMIR','AYDEN-LEEB20@schub.com','AYDEN-LEEB20PWD'),(28,2,2,'2021915PF',24,'PF79036083wubmhpeioh','2017-03-25 02:17:06','PHILP','FRANKLYN','PHILPF24@schub.com','PHILPF24PWD'),(27,2,4,'2021916HK',17,'HK86679194zmzbevcfob','2017-03-25 02:17:06','HERTZEN','KRALIN','HERTZENK17@schub.com','HERTZENK17PWD'),(17,2,3,'2021917KR',28,'KR40673840khhybdmxyl','2017-03-25 02:17:06','KENNEDY','RUADRI','KENNEDYR28@schub.com','KENNEDYR28PWD'),(25,1,1,'2022918NK',26,'NK28441190sfktuilbya','2017-03-25 02:17:06','NEEVE','KATO','NEEVEK26@schub.com','NEEVEK26PWD'),(20,2,4,'2021919ID',17,'ID81067965zhtyfioiai','2017-03-25 02:17:06','IRTO','DIANE','IRTOD17@schub.com','IRTOD17PWD'),(27,2,2,'2021920JB',2,'JB35711276egyyykpvnz','2017-03-25 02:17:06','JOEBEN','BRAEDAN','JOEBENB2@schub.com','JOEBENB2PWD'),(27,1,2,'2022921MB',3,'MB44249646yycsscpihl','2017-03-25 02:17:06','MATTI','BURKE','MATTIB3@schub.com','MATTIB3PWD'),(17,1,3,'2022922OD',16,'OD28632220wtkndznmjy','2017-03-25 02:17:06','OLINDO','DANYAAL','OLINDOD16@schub.com','OLINDOD16PWD'),(18,1,1,'2022923TE',7,'TE69034226ianviixqwt','2017-03-25 02:17:06','TAVIEN','ELIJAH','TAVIENE7@schub.com','TAVIENE7PWD'),(30,2,2,'2021924ZE',24,'ZE35678655kgtgccsvqy','2017-03-25 02:17:06','ZEUS','ELIOT','ZEUSE24@schub.com','ZEUSE24PWD'),(26,2,3,'2021925NS',4,'NS25475263bxswhqpbok','2017-03-25 02:17:06','NAJY','SALEH','NAJYS4@schub.com','NAJYS4PWD'),(25,2,2,'2021926TV',18,'TV78821152ecvwslvwek','2017-03-25 02:17:06','TILNEY','VIT','TILNEYV18@schub.com','TILNEYV18PWD'),(28,1,1,'2022927GN',3,'GN77966718whxzjbbvif','2017-03-25 02:17:06','GRAGREY','NAWAZ','GRAGREYN3@schub.com','GRAGREYN3PWD'),(20,1,2,'2022928LR',10,'LR90953613fihtaihepg','2017-03-25 02:17:06','LATREL','RINOLD','LATRELR10@schub.com','LATRELR10PWD'),(20,2,3,'2021929SE',26,'SE55842575soeadqcmxd','2017-03-25 02:17:06','SHAURNE','EMMO','SHAURNEE26@schub.com','SHAURNEE26PWD'),(28,2,3,'2021930NY',6,'NY33216288wrjtjtpetp','2017-03-25 02:17:06','NASIR','YARROL','NASIRY6@schub.com','NASIRY6PWD'),(24,2,3,'2021931MS',25,'MS93331848wxdnhojytq','2017-03-25 02:17:06','MONTARO','STEANE','MONTAROS25@schub.com','MONTAROS25PWD'),(23,2,2,'2021932CD',9,'CD94947696exzyoeramm','2017-03-25 02:17:06','CHRISTOPHER-PAUL','DELON','CHRISTOPHER-PAULD9@schub.com','CHRISTOPHER-PAULD9PWD'),(17,2,3,'2021933DY',1,'DY92184580tljmrvtkrb','2017-03-25 02:17:06','DOUGALD','YAKOUMI','DOUGALDY1@schub.com','DOUGALDY1PWD'),(24,1,3,'2022934WT',12,'WT41153751ccwuzzddaj','2017-03-25 02:17:06','WINCENT','TRINITEY','WINCENTT12@schub.com','WINCENTT12PWD'),(19,2,2,'2021935RG',29,'RG45242455vflmitprdh','2017-03-25 02:17:06','ROCK-ANTHONY','GARRIE','ROCK-ANTHONYG29@schub.com','ROCK-ANTHONYG29PWD'),(30,1,3,'2022936RY',28,'RY36134789titbhkdwvj','2017-03-25 02:17:06','RAFFAELO','YAYIN','RAFFAELOY28@schub.com','RAFFAELOY28PWD'),(22,2,2,'2021937TD',14,'TD21344650minxnslhrj','2017-03-25 02:17:06','TAIHEN','DARCY','TAIHEND14@schub.com','TAIHEND14PWD'),(19,1,3,'2022938CA',17,'CA37982907ozdqyhprmy','2017-03-25 02:17:06','CASMIRE','ANTHONY-MARK','CASMIREA17@schub.com','CASMIREA17PWD'),(27,1,2,'2022939JA',16,'JA75857209nwsyaldmnv','2017-03-25 02:17:06','JIE','ALISHA','JIEA16@schub.com','JIEA16PWD'),(19,1,3,'2022940HV',21,'HV84685852frjfvpndjb','2017-03-25 02:17:06','HUBERTUS','VITALY','HUBERTUSV21@schub.com','HUBERTUSV21PWD'),(18,2,3,'2021941CS',4,'CS30012744tjkmmivjvl','2017-03-25 02:17:06','CHETH','SINISHA','CHETHS4@schub.com','CHETHS4PWD'),(21,1,4,'2022942JD',23,'JD19747023zbdtekfehv','2017-03-25 02:17:06','JASS','DILLION','JASSD23@schub.com','JASSD23PWD'),(28,1,1,'2022943LS',3,'LS80029773rbzobboowh','2017-03-25 02:17:06','LEETHAN','SCOBIE','LEETHANS3@schub.com','LEETHANS3PWD'),(27,2,2,'2021944SK',9,'SK82757472pabwtmvnap','2017-03-25 02:17:06','SANG','KORRI','SANGK9@schub.com','SANGK9PWD'),(22,2,3,'2021945SH',18,'SH68773788wqdilqoghq','2017-03-25 02:17:06','SHORNE','HUSAYIN','SHORNEH18@schub.com','SHORNEH18PWD'),(24,2,4,'2021946KK',29,'KK13005964sebwqnbdfq','2017-03-25 02:17:06','KAVELL','KEEH','KAVELLK29@schub.com','KAVELLK29PWD'),(18,1,4,'2022947LM',12,'LM14082205qsujgzwnmi','2017-03-25 02:17:06','LOGUNN','MACLYN','LOGUNNM12@schub.com','LOGUNNM12PWD'),(24,2,4,'2021948KN',18,'KN59470316rhbhrublwz','2017-03-25 02:17:06','KYLUM','NAVARH','KYLUMN18@schub.com','KYLUMN18PWD'),(16,2,3,'2021949ZA',23,'ZA40538441fmvhpcnhlz','2017-03-25 02:17:06','ZDENEK','AHMAD','ZDENEKA23@schub.com','ZDENEKA23PWD'),(19,1,4,'2022950HX',27,'HX25334012dcnxyqfgcg','2017-03-25 02:17:06','HARLOW-BLU','XANRI','HARLOW-BLUX27@schub.com','HARLOW-BLUX27PWD'),(22,2,3,'2021951IM',18,'IM83984474olbwxwojra','2017-03-25 02:17:06','IVANN','MALAKIE','IVANNM18@schub.com','IVANNM18PWD'),(16,2,2,'2021952CD',7,'CD63927518ktkzupfurq','2017-03-25 02:17:06','CODEN','DONTAE','CODEND7@schub.com','CODEND7PWD'),(30,2,3,'2021953JK',14,'JK55168765ppdyllvjbu','2017-03-25 02:17:06','JIMMI','KIER','JIMMIK14@schub.com','JIMMIK14PWD'),(29,2,2,'2021954TY',3,'TY57220950wllrgjqaar','2017-03-25 02:17:06','TADIJA','YILI','TADIJAY3@schub.com','TADIJAY3PWD'),(19,1,2,'2022955TJ',14,'TJ86150559nnzmlhsglc','2017-03-25 02:17:06','TADIWA','JAQ','TADIWAJ14@schub.com','TADIWAJ14PWD'),(30,1,3,'2022956AC',12,'AC23793823etnegdhneu','2017-03-25 02:17:06','ARGIRYS','COBE','ARGIRYSC12@schub.com','ARGIRYSC12PWD'),(17,1,4,'2022957JR',23,'JR60534281imslzynyqz','2017-03-25 02:17:06','JACSSEN','RHUN','JACSSENR23@schub.com','JACSSENR23PWD'),(19,1,4,'2022958IB',23,'IB79059968ifmpaxorxs','2017-03-25 02:17:06','IZZY','BRAIDON','IZZYB23@schub.com','IZZYB23PWD'),(23,2,4,'2021959PK',4,'PK77035291arxnqoraou','2017-03-25 02:17:06','PROCOPIS','KAYDON','PROCOPISK4@schub.com','PROCOPISK4PWD'),(25,1,3,'2022960JK',19,'JK46481582aztfbwihon','2017-03-25 02:17:06','JAYDEN-LEE','KRYSTIAN','JAYDEN-LEEK19@schub.com','JAYDEN-LEEK19PWD'),(19,2,4,'2021961LI',10,'LI89633057nggeiqkuce','2017-03-25 02:17:06','LANDON','IPPOKRATIS','LANDONI10@schub.com','LANDONI10PWD'),(24,1,4,'2022962ZB',23,'ZB33964427yrvdaxrvvu','2017-03-25 02:17:06','ZAINUL','BENJJAMIN','ZAINULB23@schub.com','ZAINULB23PWD'),(19,1,2,'2022963NN',24,'NN31886416jdzzkapxta','2017-03-25 02:17:06','NIDHISH','NGUYEN','NIDHISHN24@schub.com','NIDHISHN24PWD'),(22,2,3,'2021964JJ',5,'JJ81584768jxqvmsvsvb','2017-03-25 02:17:06','JEB','JEDIDIAH','JEBJ5@schub.com','JEBJ5PWD'),(27,2,4,'2021965ML',26,'ML46423180eabovmgetw','2017-03-25 02:17:06','MALACHAI','LINDEN','MALACHAIL26@schub.com','MALACHAIL26PWD'),(17,2,4,'2021966ZL',12,'ZL19347413yexjsydoro','2017-03-25 02:17:06','ZENYK','LEE-JAY','ZENYKL12@schub.com','ZENYKL12PWD'),(27,1,2,'2022967MM',26,'MM20922294lntnlqqmvf','2017-03-25 02:17:06','MAKOTO','MEMPHISS','MAKOTOM26@schub.com','MAKOTOM26PWD'),(21,1,4,'2022968TC',17,'TC98015490ynrybdbvqb','2017-03-25 02:17:06','TEROERA','CRISPIAN','TEROERAC17@schub.com','TEROERAC17PWD'),(23,2,4,'2021969YJ',28,'YJ42641898ossqfhlgsk','2017-03-25 02:17:06','YARED','JHONA','YAREDJ28@schub.com','YAREDJ28PWD'),(23,1,4,'2022970HG',28,'HG88947309qpleusrshf','2017-03-25 02:17:06','HARALABOS','GIANNE','HARALABOSG28@schub.com','HARALABOSG28PWD'),(27,1,4,'2022971DG',27,'DG78052502ioqygxwrcf','2017-03-25 02:17:06','DARRALD','GERAUD','DARRALDG27@schub.com','DARRALDG27PWD'),(29,1,4,'2022972TC',13,'TC15033225ulgoddkhrs','2017-03-25 02:17:06','THANH-TRUNG','CY-JETT','THANH-TRUNGC13@schub.com','THANH-TRUNGC13PWD'),(17,2,3,'2021973MC',16,'MC99748360ngascchcoz','2017-03-25 02:17:06','MANNING','CLIFTON','MANNINGC16@schub.com','MANNINGC16PWD'),(18,2,3,'2021974TA',10,'TA30052273ofekhutcrr','2017-03-25 02:17:06','TIERYM','ANASTASIA','TIERYMA10@schub.com','TIERYMA10PWD'),(17,2,4,'2021975HG',21,'HG14700806sldbpqssmr','2017-03-25 02:17:06','HUSSIEN','GEM','HUSSIENG21@schub.com','HUSSIENG21PWD'),(18,1,1,'2022976SM',25,'SM80792879russlryvef','2017-03-25 02:17:06','SPIRIDON','MAKAI','SPIRIDONM25@schub.com','SPIRIDONM25PWD'),(26,1,2,'2022977KA',12,'KA60486379toztamfomr','2017-03-25 02:17:06','KAIA','ANTUCO','KAIAA12@schub.com','KAIAA12PWD'),(22,1,4,'2022978BK',22,'BK91507325vjmrojfvgg','2017-03-25 02:17:06','BOBBI','KALAIS','BOBBIK22@schub.com','BOBBIK22PWD'),(26,2,2,'2021979EA',12,'EA50107455yefdqytdtt','2017-03-25 02:17:06','EMMET','AEODHAN','EMMETA12@schub.com','EMMETA12PWD'),(29,1,4,'2022980QR',1,'QR36834247pcznzmxyhd','2017-03-25 02:17:06','QUAIDE','RAECHELLE','QUAIDER1@schub.com','QUAIDER1PWD'),(21,1,1,'2022981AP',26,'AP23069844gajmlmbohi','2017-03-25 02:17:06','ALFRID','PERI','ALFRIDP26@schub.com','ALFRIDP26PWD'),(23,1,1,'2022982MJ',15,'MJ44031699wquokbynic','2017-03-25 02:17:06','MALAKI','JIRAIYA','MALAKIJ15@schub.com','MALAKIJ15PWD'),(26,1,2,'2022983KD',26,'KD40596710nfwebzugke','2017-03-25 02:17:06','KANON','DANYALL','KANOND26@schub.com','KANOND26PWD'),(25,1,2,'2022984GR',7,'GR29221999mjxmawihxf','2017-03-25 02:17:06','GJEMAJL','RAJEET','GJEMAJLR7@schub.com','GJEMAJLR7PWD'),(29,1,3,'2022985LK',29,'LK84755769ladphmoglq','2017-03-25 02:17:06','LAWSON-CASPER','KYRRAN','LAWSON-CASPERK29@schub.com','LAWSON-CASPERK29PWD'),(29,2,4,'2021986ZC',7,'ZC19159812snqiowvfil','2017-03-25 02:17:06','ZACARY','CODEY-JAMES','ZACARYC7@schub.com','ZACARYC7PWD'),(27,2,2,'2021987RT',29,'RT86116429komlmpvzak','2017-03-25 02:17:06','REMOLO','TEBIAS','REMOLOT29@schub.com','REMOLOT29PWD'),(22,1,1,'2022988MS',23,'MS53731298fihutklagu','2017-03-25 02:17:06','MONYROOR','SEMIDEO','MONYROORS23@schub.com','MONYROORS23PWD'),(28,1,2,'2022989DS',26,'DS49810425zhotqqzflu','2017-03-25 02:17:06','DEEPAK','SHAMAS','DEEPAKS26@schub.com','DEEPAKS26PWD'),(17,2,4,'2021990LG',20,'LG86105189lugxmdblzd','2017-03-25 02:17:06','LEON-ETHAN','GRAINSCI','LEON-ETHANG20@schub.com','LEON-ETHANG20PWD'),(30,2,2,'2021991GF',22,'GF60087799qhysmhpnuo','2017-03-25 02:17:06','GIANPAOLO','FURNEST','GIANPAOLOF22@schub.com','GIANPAOLOF22PWD'),(29,1,1,'2022992BE',14,'BE85798362vsfdnvikpy','2017-03-25 02:17:06','BOHDI','EVARN','BOHDIE14@schub.com','BOHDIE14PWD'),(22,1,3,'2022993SS',12,'SS88497120mqnnlzoked','2017-03-25 02:17:06','SUJEEVA','SHALLUM','SUJEEVAS12@schub.com','SUJEEVAS12PWD'),(27,2,4,'2021994IK',24,'IK59770334cmryuzcmmv','2017-03-25 02:17:06','ISABELLE','KASHA','ISABELLEK24@schub.com','ISABELLEK24PWD'),(23,2,2,'2021995EQ',21,'EQ34015937phzfudhcky','2017-03-25 02:17:06','EVANGGELOS','QUINTILIO','EVANGGELOSQ21@schub.com','EVANGGELOSQ21PWD'),(29,2,4,'2021996AS',25,'AS23800020cdvkjggibn','2017-03-25 02:17:06','AZMOON','SAJEEVA','AZMOONS25@schub.com','AZMOONS25PWD'),(30,1,4,'2022997NV',23,'NV64514335pmurhpvbsf','2017-03-25 02:17:06','NIKOLAS-JAMES','VENCESLAUS','NIKOLAS-JAMESV23@schub.com','NIKOLAS-JAMESV23PWD'),(21,1,1,'2022998UT',21,'UT41682940bmhpqeyhju','2017-03-25 02:17:06','UDY','TAKUMA','UDYT21@schub.com','UDYT21PWD'),(30,1,1,'2022999DK',23,'DK66610829zkvkbkpfex','2017-03-25 02:17:06','DIKO','KALLOM','DIKOK23@schub.com','DIKOK23PWD'),(19,1,1,'20221000AA',6,'AA48491036rsvuflztjx','2017-03-25 02:17:06','ALEXIE','ARIKI','ALEXIEA6@schub.com','ALEXIEA6PWD'),(29,1,1,'20221001KG',27,'KG33114212wvvpujrtha','2017-03-25 02:17:06','KYLEB-LEO','GARNETT','KYLEB-LEOG27@schub.com','KYLEB-LEOG27PWD');
