USE schub;
INSERT INTO `admins` (id, created_at, first_name, last_name, email, password, recovery_question, recovery_answer) VALUES ('53af4926-52ee-41d0-9acc-ae7230000001','2017-03-25 02:17:06','Aina','Jesulayomi','jesulayomi@schub.com','45c05850432ab0736aa54365010372a4','What is your baby''s name','9973fa8f82690e843e34145c7eb6b7a9'),('53af4926-52ee-41d0-9acc-ae7230000002','2017-03-25 02:17:06','Iwelumo','Samuel','samuel@schub.com','ad14fc1b8075ae4f2a73271df957fa70','What is your baby''s name','22c5a963d45ec856aa416b0ffcaec52d');
INSERT INTO `departments` (id, name, created_at) VALUES ('53af4926-52ee-41d0-9acc-ae7230300001','Aerospace Engineering','2017-03-25 02:17:06'),('53af4926-52ee-41d0-9acc-ae7230300002','Aerothermal Engineering','2017-03-25 02:17:06'),('53af4926-52ee-41d0-9acc-ae7230300003','Agricultural Engineering','2017-03-25 02:17:06');
INSERT INTO `teachers` (department_id, id, created_at, first_name, last_name, email, password, recovery_question, recovery_answer) VALUES ('53af4926-52ee-41d0-9acc-ae7230300001','53af4926-52ee-41d0-9acc-ae7230400001','2017-03-25 02:17:06','NORRIN','DANYAR','NORRIND@schub.com','67eb30f74ecfde2db7c26e76357644a4','What is your mother''s maiden name?','67eb30f74ecfde2db7c26e76357644a4'),('53af4926-52ee-41d0-9acc-ae7230300001','53af4926-52ee-41d0-9acc-ae7230400002','2017-03-25 02:17:06','LARIS','JACKSON-GRANT','LARISJ@schub.com','e3b92fe8ed91e4ea943190ec7bad5a08','What is your mother''s maiden name?','e3b92fe8ed91e4ea943190ec7bad5a08'),('53af4926-52ee-41d0-9acc-ae7230300001','53af4926-52ee-41d0-9acc-ae7230400003','2017-03-25 02:17:06','GRAEME-JAMES','CONSTADINOS','GRAEME-JAMESC@schub.com','f9d1a1f26fd756ab74eab7c223c5aa17','What is your mother''s maiden name?','f9d1a1f26fd756ab74eab7c223c5aa17'),('53af4926-52ee-41d0-9acc-ae7230300001','53af4926-52ee-41d0-9acc-ae7230400004','2017-03-25 02:17:06','KAHNEIL','LUCIAN-BAILEY','KAHNEILL@schub.com','9282fc53526cc50d1b6113b3efa24101','What is your mother''s maiden name?','9282fc53526cc50d1b6113b3efa24101'),('53af4926-52ee-41d0-9acc-ae7230300001','53af4926-52ee-41d0-9acc-ae7230400005','2017-03-25 02:17:06','BARTOLOMEO','ELISA','BARTOLOMEOE@schub.com','467380a866cfc85f12b958ef1d3ecb38','What is your favorite football team?','467380a866cfc85f12b958ef1d3ecb38'),('53af4926-52ee-41d0-9acc-ae7230300002','53af4926-52ee-41d0-9acc-ae7230400006','2017-03-25 02:17:06','TIARE','KILISI','TIAREK@schub.com','c5333f4531e83f363e17fee8cdfa9ed1','What is your favorite football team?','c5333f4531e83f363e17fee8cdfa9ed1'),('53af4926-52ee-41d0-9acc-ae7230300002','53af4926-52ee-41d0-9acc-ae7230400007','2017-03-25 02:17:06','ILGVARS','RAVINESH','ILGVARSR@schub.com','f564c5d2a58a6835a2a97aa9cc40cd15','What is your favorite football team?','f564c5d2a58a6835a2a97aa9cc40cd15'),('53af4926-52ee-41d0-9acc-ae7230300002','53af4926-52ee-41d0-9acc-ae7230400008','2017-03-25 02:17:06','GIOCONDO','RAVEE','GIOCONDOR@schub.com','270ced7aef3d22b8db0e71bbac05d796','What is your favorite football team?','270ced7aef3d22b8db0e71bbac05d796'),('53af4926-52ee-41d0-9acc-ae7230300002','53af4926-52ee-41d0-9acc-ae7230400009','2017-03-25 02:17:06','OLIVERS','LORRAINE','OLIVERSL@schub.com','8fc6ffbffc297e9f7bf9e6794e440075','What street did you live as a child?','8fc6ffbffc297e9f7bf9e6794e440075'),('53af4926-52ee-41d0-9acc-ae7230300002','53af4926-52ee-41d0-9acc-ae7230400010','2017-03-25 02:17:06','PAHUL','TESLOACH','PAHULT@schub.com','b75e93fe71774c6ea1119b6699209a9e','What street did you live as a child?','b75e93fe71774c6ea1119b6699209a9e'),('53af4926-52ee-41d0-9acc-ae7230300003','53af4926-52ee-41d0-9acc-ae7230400011','2017-03-25 02:17:06','JEMMIE','IRVINE','JEMMIEI@schub.com','33a4f2ceadf21273cb326801aa1be3b6','What street did you live as a child?','33a4f2ceadf21273cb326801aa1be3b6'),('53af4926-52ee-41d0-9acc-ae7230300003','53af4926-52ee-41d0-9acc-ae7230400012','2017-03-25 02:17:06','MAZI','AADIL','MAZIA@schub.com','c4ffc372e46fa9471985cbe63af28fa1','What street did you live as a child?','c4ffc372e46fa9471985cbe63af28fa1'),('53af4926-52ee-41d0-9acc-ae7230300003','53af4926-52ee-41d0-9acc-ae7230400013','2017-03-25 02:17:06','DEKOTA','THEOHARIS','DEKOTAT@schub.com','da7f08447d7b20bd8f9b97cc17f0cfba','What is the name of your childhood best friend?','da7f08447d7b20bd8f9b97cc17f0cfba'),('53af4926-52ee-41d0-9acc-ae7230300003','53af4926-52ee-41d0-9acc-ae7230400014','2017-03-25 02:17:06','MELVEN','DARRAL','MELVEND@schub.com','35f85fd9f721c9b731d8fba1ca9b1e57','What is the name of your childhood best friend?','35f85fd9f721c9b731d8fba1ca9b1e57'),('53af4926-52ee-41d0-9acc-ae7230300003','53af4926-52ee-41d0-9acc-ae7230400015','2017-03-25 02:17:06','DJUMA','RINALDO','DJUMAR@schub.com','e204fdb8cf2f79078f17a7960bf5c8cc','What is the name of your childhood best friend?','e204fdb8cf2f79078f17a7960bf5c8cc');
INSERT INTO `courses` (name, level, department_id, teacher_id, id, created_at) VALUES ('Math for Aerospace Engineering',100,'53af4926-52ee-41d0-9acc-ae7230300001','53af4926-52ee-41d0-9acc-ae7230400001','53af4926-52ee-41d0-9acc-ae7230500001','2017-03-25 02:17:06'),('Eng for Aerospace Engineering',100,'53af4926-52ee-41d0-9acc-ae7230300001','53af4926-52ee-41d0-9acc-ae7230400002','53af4926-52ee-41d0-9acc-ae7230500002','2017-03-25 02:17:06'),('Drawing for Aerospace Engineering',100,'53af4926-52ee-41d0-9acc-ae7230300001','53af4926-52ee-41d0-9acc-ae7230400003','53af4926-52ee-41d0-9acc-ae7230500003','2017-03-25 02:17:07'),('Electicity for Aerospace Engineering',100,'53af4926-52ee-41d0-9acc-ae7230300001','53af4926-52ee-41d0-9acc-ae7230400004','53af4926-52ee-41d0-9acc-ae7230500004','2017-03-25 02:17:06'),('Logic for Aerospace Engineering',100,'53af4926-52ee-41d0-9acc-ae7230300001','53af4926-52ee-41d0-9acc-ae7230400005','53af4926-52ee-41d0-9acc-ae7230500005','2017-03-25 02:17:06'),('Mechanics for Aerospace Engineering',200,'53af4926-52ee-41d0-9acc-ae7230300001','53af4926-52ee-41d0-9acc-ae7230400001','53af4926-52ee-41d0-9acc-ae7230500006','2017-03-25 02:17:06'),('Thermodynamics for Aerospace Engineering',200,'53af4926-52ee-41d0-9acc-ae7230300001','53af4926-52ee-41d0-9acc-ae7230400002','53af4926-52ee-41d0-9acc-ae7230500007','2017-03-25 02:17:06'),('Basics for Aerospace Engineering',200,'53af4926-52ee-41d0-9acc-ae7230300001','53af4926-52ee-41d0-9acc-ae7230400003','53af4926-52ee-41d0-9acc-ae7230500008','2017-03-25 02:17:06'),('Advanced for Aerospace Engineering',200,'53af4926-52ee-41d0-9acc-ae7230300001','53af4926-52ee-41d0-9acc-ae7230400004','53af4926-52ee-41d0-9acc-ae7230500009','2017-03-25 02:17:07'),('Specialization for Aerospace Engineering',300,'53af4926-52ee-41d0-9acc-ae7230300001','53af4926-52ee-41d0-9acc-ae7230400005','53af4926-52ee-41d0-9acc-ae7230500010','2017-03-25 02:17:06'),('Control-Systems for Aerospace Engineering',300,'53af4926-52ee-41d0-9acc-ae7230300001','53af4926-52ee-41d0-9acc-ae7230400001','53af4926-52ee-41d0-9acc-ae7230500011','2017-03-25 02:17:06'),('Power-Systems for Aerospace Engineering',300,'53af4926-52ee-41d0-9acc-ae7230300001','53af4926-52ee-41d0-9acc-ae7230400002','53af4926-52ee-41d0-9acc-ae7230500012','2017-03-25 02:17:07'),('Switchgear-Technology for Aerospace Engineering',400,'53af4926-52ee-41d0-9acc-ae7230300001','53af4926-52ee-41d0-9acc-ae7230400003','53af4926-52ee-41d0-9acc-ae7230500013','2017-03-25 02:17:06'),('Circuit-Techniques for Aerospace Engineering',400,'53af4926-52ee-41d0-9acc-ae7230300001','53af4926-52ee-41d0-9acc-ae7230400004','53af4926-52ee-41d0-9acc-ae7230500014','2017-03-25 02:17:06'),('Micro-computers for Aerospace Engineering',400,'53af4926-52ee-41d0-9acc-ae7230300001','53af4926-52ee-41d0-9acc-ae7230400005','53af4926-52ee-41d0-9acc-ae7230500015','2017-03-25 02:17:06'),('Math for Aerothermal Engineering',100,'53af4926-52ee-41d0-9acc-ae7230300002','53af4926-52ee-41d0-9acc-ae7230400006','53af4926-52ee-41d0-9acc-ae7230500016','2017-03-25 02:17:06'),('Eng for Aerothermal Engineering',100,'53af4926-52ee-41d0-9acc-ae7230300002','53af4926-52ee-41d0-9acc-ae7230400007','53af4926-52ee-41d0-9acc-ae7230500017','2017-03-25 02:17:06'),('Drawing for Aerothermal Engineering',100,'53af4926-52ee-41d0-9acc-ae7230300002','53af4926-52ee-41d0-9acc-ae7230400008','53af4926-52ee-41d0-9acc-ae7230500018','2017-03-25 02:17:06'),('Electicity for Aerothermal Engineering',100,'53af4926-52ee-41d0-9acc-ae7230300002','53af4926-52ee-41d0-9acc-ae7230400009','53af4926-52ee-41d0-9acc-ae7230500019','2017-03-25 02:17:06'),('Logic for Aerothermal Engineering',100,'53af4926-52ee-41d0-9acc-ae7230300002','53af4926-52ee-41d0-9acc-ae7230400010','53af4926-52ee-41d0-9acc-ae7230500020','2017-03-25 02:17:06'),('Mechanics for Aerothermal Engineering',200,'53af4926-52ee-41d0-9acc-ae7230300002','53af4926-52ee-41d0-9acc-ae7230400006','53af4926-52ee-41d0-9acc-ae7230500021','2017-03-25 02:17:06'),('Thermodynamics for Aerothermal Engineering',200,'53af4926-52ee-41d0-9acc-ae7230300002','53af4926-52ee-41d0-9acc-ae7230400007','53af4926-52ee-41d0-9acc-ae7230500022','2017-03-25 02:17:06'),('Basics for Aerothermal Engineering',200,'53af4926-52ee-41d0-9acc-ae7230300002','53af4926-52ee-41d0-9acc-ae7230400008','53af4926-52ee-41d0-9acc-ae7230500023','2017-03-25 02:17:06'),('Advanced for Aerothermal Engineering',200,'53af4926-52ee-41d0-9acc-ae7230300002','53af4926-52ee-41d0-9acc-ae7230400009','53af4926-52ee-41d0-9acc-ae7230500024','2017-03-25 02:17:06'),('Specialization for Aerothermal Engineering',300,'53af4926-52ee-41d0-9acc-ae7230300002','53af4926-52ee-41d0-9acc-ae7230400010','53af4926-52ee-41d0-9acc-ae7230500025','2017-03-25 02:17:06'),('Control-Systems for Aerothermal Engineering',300,'53af4926-52ee-41d0-9acc-ae7230300002','53af4926-52ee-41d0-9acc-ae7230400006','53af4926-52ee-41d0-9acc-ae7230500026','2017-03-25 02:17:06'),('Power-Systems for Aerothermal Engineering',300,'53af4926-52ee-41d0-9acc-ae7230300002','53af4926-52ee-41d0-9acc-ae7230400007','53af4926-52ee-41d0-9acc-ae7230500027','2017-03-25 02:17:06'),('Switchgear-Technology for Aerothermal Engineering',400,'53af4926-52ee-41d0-9acc-ae7230300002','53af4926-52ee-41d0-9acc-ae7230400008','53af4926-52ee-41d0-9acc-ae7230500028','2017-03-25 02:17:06'),('Circuit-Techniques for Aerothermal Engineering',400,'53af4926-52ee-41d0-9acc-ae7230300002','53af4926-52ee-41d0-9acc-ae7230400009','53af4926-52ee-41d0-9acc-ae7230500029','2017-03-25 02:17:06'),('Micro-computers for Aerothermal Engineering',400,'53af4926-52ee-41d0-9acc-ae7230300002','53af4926-52ee-41d0-9acc-ae7230400010','53af4926-52ee-41d0-9acc-ae7230500030','2017-03-25 02:17:06'),('Math for Agricultural Engineering',100,'53af4926-52ee-41d0-9acc-ae7230300003','53af4926-52ee-41d0-9acc-ae7230400011','53af4926-52ee-41d0-9acc-ae7230500031','2017-03-25 02:17:06'),('Eng for Agricultural Engineering',100,'53af4926-52ee-41d0-9acc-ae7230300003','53af4926-52ee-41d0-9acc-ae7230400012','53af4926-52ee-41d0-9acc-ae7230500032','2017-03-25 02:17:06'),('Drawing for Agricultural Engineering',100,'53af4926-52ee-41d0-9acc-ae7230300003','53af4926-52ee-41d0-9acc-ae7230400013','53af4926-52ee-41d0-9acc-ae7230500033','2017-03-25 02:17:06'),('Electicity for Agricultural Engineering',100,'53af4926-52ee-41d0-9acc-ae7230300003','53af4926-52ee-41d0-9acc-ae7230400014','53af4926-52ee-41d0-9acc-ae7230500034','2017-03-25 02:17:06'),('Logic for Agricultural Engineering',100,'53af4926-52ee-41d0-9acc-ae7230300003','53af4926-52ee-41d0-9acc-ae7230400015','53af4926-52ee-41d0-9acc-ae7230500035','2017-03-25 02:17:06'),('Mechanics for Agricultural Engineering',200,'53af4926-52ee-41d0-9acc-ae7230300003','53af4926-52ee-41d0-9acc-ae7230400011','53af4926-52ee-41d0-9acc-ae7230500036','2017-03-25 02:17:06'),('Thermodynamics for Agricultural Engineering',200,'53af4926-52ee-41d0-9acc-ae7230300003','53af4926-52ee-41d0-9acc-ae7230400012','53af4926-52ee-41d0-9acc-ae7230500037','2017-03-25 02:17:06'),('Basics for Agricultural Engineering',200,'53af4926-52ee-41d0-9acc-ae7230300003','53af4926-52ee-41d0-9acc-ae7230400013','53af4926-52ee-41d0-9acc-ae7230500038','2017-03-25 02:17:06'),('Advanced for Agricultural Engineering',200,'53af4926-52ee-41d0-9acc-ae7230300003','53af4926-52ee-41d0-9acc-ae7230400014','53af4926-52ee-41d0-9acc-ae7230500039','2017-03-25 02:17:06'),('Specialization for Agricultural Engineering',300,'53af4926-52ee-41d0-9acc-ae7230300003','53af4926-52ee-41d0-9acc-ae7230400015','53af4926-52ee-41d0-9acc-ae7230500040','2017-03-25 02:17:06'),('Control-Systems for Agricultural Engineering',300,'53af4926-52ee-41d0-9acc-ae7230300003','53af4926-52ee-41d0-9acc-ae7230400011','53af4926-52ee-41d0-9acc-ae7230500041','2017-03-25 02:17:06'),('Power-Systems for Agricultural Engineering',300,'53af4926-52ee-41d0-9acc-ae7230300003','53af4926-52ee-41d0-9acc-ae7230400012','53af4926-52ee-41d0-9acc-ae7230500042','2017-03-25 02:17:06'),('Switchgear-Technology for Agricultural Engineering',400,'53af4926-52ee-41d0-9acc-ae7230300003','53af4926-52ee-41d0-9acc-ae7230400013','53af4926-52ee-41d0-9acc-ae7230500043','2017-03-25 02:17:06'),('Circuit-Techniques for Agricultural Engineering',400,'53af4926-52ee-41d0-9acc-ae7230300003','53af4926-52ee-41d0-9acc-ae7230400014','53af4926-52ee-41d0-9acc-ae7230500044','2017-03-25 02:17:06'),('Micro-computers for Agricultural Engineering',400,'53af4926-52ee-41d0-9acc-ae7230300003','53af4926-52ee-41d0-9acc-ae7230400015','53af4926-52ee-41d0-9acc-ae7230500045','2017-03-25 02:17:06');
INSERT INTO `students` (age, start_level, current_level, matric_no, department_id, id, created_at, first_name, last_name, email, password, recovery_question, recovery_answer) VALUES (23,100,100,'202210001KK','53af4926-52ee-41d0-9acc-ae7230300001','53af4926-52ee-41d0-9acc-ae7230200001','2017-03-25 02:17:06','KRAGG','KELSEY','KRAGGK@schub.com','845304513b56236b987137d4798e949e','What is your mother''s maiden name?','845304513b56236b987137d4798e949e'),(24,100,100,'202210002SN','53af4926-52ee-41d0-9acc-ae7230300001','53af4926-52ee-41d0-9acc-ae7230200002','2017-03-25 02:17:06','SULIMAN','NICKHOLAS','SULIMANN@schub.com','5d29453c07c81fcd083660b717379f01','What is your mother''s maiden name?','5d29453c07c81fcd083660b717379f01'),(19,100,100,'202210003CR','53af4926-52ee-41d0-9acc-ae7230300001','53af4926-52ee-41d0-9acc-ae7230200003','2017-03-25 02:17:06','CHANSOTHEA','ROLTON','CHANSOTHEAR@schub.com','3e4adbcb3d433ef9d713672a6c92fae2','What is your mother''s maiden name?','3e4adbcb3d433ef9d713672a6c92fae2'),(28,200,200,'202110004TM','53af4926-52ee-41d0-9acc-ae7230300001','53af4926-52ee-41d0-9acc-ae7230200004','2017-03-25 02:17:06','TAMARA','MITIADY','TAMARAM@schub.com','33a999b70a0227da18756bb8bcac5c7c','What is your mother''s maiden name?','33a999b70a0227da18756bb8bcac5c7c'),(20,200,200,'202110005ZK','53af4926-52ee-41d0-9acc-ae7230300001','53af4926-52ee-41d0-9acc-ae7230200005','2017-03-25 02:17:06','ZAYED','KALAM','ZAYEDK@schub.com','385213c59f2777054d4f21b6975a5c73','What is your mother''s maiden name?','385213c59f2777054d4f21b6975a5c73'),(17,200,200,'202210006SB','53af4926-52ee-41d0-9acc-ae7230300001','53af4926-52ee-41d0-9acc-ae7230200006','2017-03-25 02:17:06','SERGEI','BASILI','SERGEIB@schub.com','295ac7e153b9f684887d86076bf31f87','What is your mother''s maiden name?','295ac7e153b9f684887d86076bf31f87'),(29,300,300,'202210007BA','53af4926-52ee-41d0-9acc-ae7230300001','53af4926-52ee-41d0-9acc-ae7230200007','2017-03-25 02:17:06','BENEDICTO','A-JAY','BENEDICTOA@schub.com','e394d22312463b29dcfb4dbb552f176b','What is your mother''s maiden name?','e394d22312463b29dcfb4dbb552f176b'),(30,300,300,'202210008KJ','53af4926-52ee-41d0-9acc-ae7230300001','53af4926-52ee-41d0-9acc-ae7230200008','2017-03-25 02:17:06','KRISTAPS','JOSHUA-LEE','KRISTAPSJ@schub.com','0cfeb399ba32b14eac02b2168cfd7102','What street did you live as a child?','0cfeb399ba32b14eac02b2168cfd7102'),(20,400,400,'202210009JY','53af4926-52ee-41d0-9acc-ae7230300001','53af4926-52ee-41d0-9acc-ae7230200009','2017-03-25 02:17:06','JEREMISZ','YOUSIF','JEREMISZY@schub.com','cf67979fdb5ef2a55d0a7d30f2a04d61','What street did you live as a child?','cf67979fdb5ef2a55d0a7d30f2a04d61'),(18,400,400,'202210010HT','53af4926-52ee-41d0-9acc-ae7230300001','53af4926-52ee-41d0-9acc-ae7230200010','2017-03-25 02:17:06','HEMMING','TALOR','HEMMINGT@schub.com','aaefa0d7cbf93e5e9a18c391f44e8ffc','What street did you live as a child?','aaefa0d7cbf93e5e9a18c391f44e8ffc'),(25,100,100,'202210011AH','53af4926-52ee-41d0-9acc-ae7230300002','53af4926-52ee-41d0-9acc-ae7230200011','2017-03-25 02:17:06','ATHANASSI','HEIDI','ATHANASSIH@schub.com','2ada9dea848fc64a251961246004e9e0','What street did you live as a child?','2ada9dea848fc64a251961246004e9e0'),(26,100,100,'202210012HS','53af4926-52ee-41d0-9acc-ae7230300002','53af4926-52ee-41d0-9acc-ae7230200012','2017-03-25 02:17:06','HASANAIN','STYVEN','HASANAINS@schub.com','e7e093080dbe9cb0b88d16af77707ff7','What street did you live as a child?','e7e093080dbe9cb0b88d16af77707ff7'),(27,100,100,'202110013AS','53af4926-52ee-41d0-9acc-ae7230300002','53af4926-52ee-41d0-9acc-ae7230200013','2017-03-25 02:17:06','AIJAY','SEN','AIJAYS@schub.com','79d15359e5a54f0ce221fb405e0cb718','What street did you live as a child?','79d15359e5a54f0ce221fb405e0cb718'),(29,200,200,'202210014TC','53af4926-52ee-41d0-9acc-ae7230300002','53af4926-52ee-41d0-9acc-ae7230200014','2017-03-25 02:17:06','TATU-HANNES','CRESSWELL','TATU-HANNESC@schub.com','bbb9d6a60cb693e816aa8a8a703f9bc8','What street did you live as a child?','bbb9d6a60cb693e816aa8a8a703f9bc8'),(17,200,200,'202210015TJ','53af4926-52ee-41d0-9acc-ae7230300002','53af4926-52ee-41d0-9acc-ae7230200015','2017-03-25 02:17:06','TASHVIR','JARRON','TASHVIRJ@schub.com','daf373705143e9275530a352e0cee796','What is the name of your childhood best friend?','daf373705143e9275530a352e0cee796'),(20,200,200,'202210016DN','53af4926-52ee-41d0-9acc-ae7230300002','53af4926-52ee-41d0-9acc-ae7230200016','2017-03-25 02:17:06','DEREC','NARDENE','DERECN@schub.com','cc11eb1075e68960665e5039db06edf1','What is the name of your childhood best friend?','cc11eb1075e68960665e5039db06edf1'),(16,300,300,'202210017ST','53af4926-52ee-41d0-9acc-ae7230300002','53af4926-52ee-41d0-9acc-ae7230200017','2017-03-25 02:17:06','SUSANTI','TONY','SUSANTIT@schub.com','e313ce50ad849373db307df81f576b08','What is the name of your childhood best friend?','e313ce50ad849373db307df81f576b08'),(22,300,300,'202210018EP','53af4926-52ee-41d0-9acc-ae7230300002','53af4926-52ee-41d0-9acc-ae7230200018','2017-03-25 02:17:06','ELIJA','PEDROS','ELIJAP@schub.com','640fdf45621c4dafefec7593eb69417a','What is the name of your childhood best friend?','640fdf45621c4dafefec7593eb69417a'),(30,400,400,'202110019RM','53af4926-52ee-41d0-9acc-ae7230300002','53af4926-52ee-41d0-9acc-ae7230200019','2017-03-25 02:17:06','REESHABH','MACKLEN','REESHABHM@schub.com','c333bd3014a2d082883909bae80646e4','What is the name of your childhood best friend?','c333bd3014a2d082883909bae80646e4'),(22,400,400,'202210020CJ','53af4926-52ee-41d0-9acc-ae7230300003','53af4926-52ee-41d0-9acc-ae7230200020','2017-03-25 02:17:06','CHADE','JASUR','CHADEJ@schub.com','00aa8fa78dad8cf259cb72945e5093b2','What is the name of your childhood best friend?','00aa8fa78dad8cf259cb72945e5093b2'),(28,100,100,'202210021CC','53af4926-52ee-41d0-9acc-ae7230300003','53af4926-52ee-41d0-9acc-ae7230200021','2017-03-25 02:17:06','CAREX','CARMELLO','CAREXC@schub.com','35197047b93aa023e13b2c13f3539154','What is the name of your childhood best friend?','35197047b93aa023e13b2c13f3539154'),(29,100,100,'202110022ED','53af4926-52ee-41d0-9acc-ae7230300003','53af4926-52ee-41d0-9acc-ae7230200022','2017-03-25 02:17:06','EMMANOUEL','DOMINCO','EMMANOUELD@schub.com','8bb8924b75a7da546bb3c59fbe0882b9','What is the name of your childhood best friend?','8bb8924b75a7da546bb3c59fbe0882b9'),(17,100,100,'202110023IM','53af4926-52ee-41d0-9acc-ae7230300003','53af4926-52ee-41d0-9acc-ae7230200023','2017-03-25 02:17:06','INTHAVANH','MARINUS','INTHAVANHM@schub.com','bd1b456fd117f3877b753965c78e104f','What is your favorite football team?','bd1b456fd117f3877b753965c78e104f'),(29,200,200,'202210024CS','53af4926-52ee-41d0-9acc-ae7230300003','53af4926-52ee-41d0-9acc-ae7230200024','2017-03-25 02:17:06','CLASH','SAVAIN','CLASHS@schub.com','7b6c29872ee8db4dbb159eb6f2c685d8','What is your favorite football team?','7b6c29872ee8db4dbb159eb6f2c685d8'),(20,200,200,'202110025TT','53af4926-52ee-41d0-9acc-ae7230300003','53af4926-52ee-41d0-9acc-ae7230200025','2017-03-25 02:17:06','TAVGUN','THANASE','TAVGUNT@schub.com','d47a369171be20afdbe2485d6b472860','What is your favorite football team?','d47a369171be20afdbe2485d6b472860'),(21,200,200,'202210026FC','53af4926-52ee-41d0-9acc-ae7230300003','53af4926-52ee-41d0-9acc-ae7230200026','2017-03-25 02:17:06','FIDON','CRETINEZ','FIDONC@schub.com','0f4e6b6c0063dac7967238c965e859da','What is your favorite football team?','0f4e6b6c0063dac7967238c965e859da'),(22,300,300,'202110027CL','53af4926-52ee-41d0-9acc-ae7230300003','53af4926-52ee-41d0-9acc-ae7230200027','2017-03-25 02:17:06','COSTATINOS','LORRY','COSTATINOSL@schub.com','870f355f1ad51723eb6ae7afd9cebbce','What is your favorite football team?','870f355f1ad51723eb6ae7afd9cebbce'),(27,300,300,'202110028JS','53af4926-52ee-41d0-9acc-ae7230300003','53af4926-52ee-41d0-9acc-ae7230200028','2017-03-25 02:17:06','JODAN','SHRAVENN','JODANS@schub.com','f9134ddcebc486e32eeb104a0b79ffa4','What is your favorite football team?','f9134ddcebc486e32eeb104a0b79ffa4'),(28,400,400,'202110029JN','53af4926-52ee-41d0-9acc-ae7230300003','53af4926-52ee-41d0-9acc-ae7230200029','2017-03-25 02:17:06','JESSIE-JAMIE','NHIM','JESSIE-JAMIEN@schub.com','c9640d2e3a998157d39349e8ea434d23','What is your favorite football team?','c9640d2e3a998157d39349e8ea434d23'),(30,400,400,'202210030AP','53af4926-52ee-41d0-9acc-ae7230300003','53af4926-52ee-41d0-9acc-ae7230200030','2017-03-25 02:17:06','ALIRIZA','PALYOLOGOS','ALIRIZAP@schub.com','b98810482d6c8f2b1861cb491ebc39f1','What is your favorite football team?','b98810482d6c8f2b1861cb491ebc39f1');
