'name','level','department_id','teacher_id','id','created_at'
'General Biology',100,'53af4926-52ee-41d0-9acc-ae7230300001','53af4926-52ee-41d0-9acc-ae7230400001','53af4926-52ee-41d0-9acc-ae7230500001','2017-03-25 02:17:06'
'Cell Biology',100,'53af4926-52ee-41d0-9acc-ae7230300001','53af4926-52ee-41d0-9acc-ae7230400002','53af4926-52ee-41d0-9acc-ae7230500002','2017-03-25 02:17:06'
'Genetics',100,'53af4926-52ee-41d0-9acc-ae7230300001','53af4926-52ee-41d0-9acc-ae7230400003','53af4926-52ee-41d0-9acc-ae7230500003','2017-03-25 02:17:07'
'Ecology',100,'53af4926-52ee-41d0-9acc-ae7230300001','53af4926-52ee-41d0-9acc-ae7230400004','53af4926-52ee-41d0-9acc-ae7230500004','2017-03-25 02:17:06'
'Evolutionary Biology',100,'53af4926-52ee-41d0-9acc-ae7230300001','53af4926-52ee-41d0-9acc-ae7230400005','53af4926-52ee-41d0-9acc-ae7230500005','2017-03-25 02:17:06'
'Microbiology',200,'53af4926-52ee-41d0-9acc-ae7230300001','53af4926-52ee-41d0-9acc-ae7230400001','53af4926-52ee-41d0-9acc-ae7230500006','2017-03-25 02:17:06'
'Biochemistry',200,'53af4926-52ee-41d0-9acc-ae7230300001','53af4926-52ee-41d0-9acc-ae7230400002','53af4926-52ee-41d0-9acc-ae7230500007','2017-03-25 02:17:06'
'Anatomy',200,'53af4926-52ee-41d0-9acc-ae7230300001','53af4926-52ee-41d0-9acc-ae7230400003','53af4926-52ee-41d0-9acc-ae7230500008','2017-03-25 02:17:06'
'Physiology',200,'53af4926-52ee-41d0-9acc-ae7230300001','53af4926-52ee-41d0-9acc-ae7230400004','53af4926-52ee-41d0-9acc-ae7230500009','2017-03-25 02:17:07'
'Biostatistics',200,'53af4926-52ee-41d0-9acc-ae7230300001','53af4926-52ee-41d0-9acc-ae7230400005','53af4926-52ee-41d0-9acc-ae7230500010','2017-03-25 02:17:06'
'Molecular Biology',300,'53af4926-52ee-41d0-9acc-ae7230300001','53af4926-52ee-41d0-9acc-ae7230400001','53af4926-52ee-41d0-9acc-ae7230500011','2017-03-25 02:17:06'
'Plant Biology',300,'53af4926-52ee-41d0-9acc-ae7230300001','53af4926-52ee-41d0-9acc-ae7230400002','53af4926-52ee-41d0-9acc-ae7230500012','2017-03-25 02:17:07'
'Animal Behavior',300,'53af4926-52ee-41d0-9acc-ae7230300001','53af4926-52ee-41d0-9acc-ae7230400003','53af4926-52ee-41d0-9acc-ae7230500013','2017-03-25 02:17:06'
'Immunology',300,'53af4926-52ee-41d0-9acc-ae7230300001','53af4926-52ee-41d0-9acc-ae7230400004','53af4926-52ee-41d0-9acc-ae7230500014','2017-03-25 02:17:06'
'Neurobiology',300,'53af4926-52ee-41d0-9acc-ae7230300001','53af4926-52ee-41d0-9acc-ae7230400005','53af4926-52ee-41d0-9acc-ae7230500015','2017-03-25 02:17:06'
'Virology',400,'53af4926-52ee-41d0-9acc-ae7230300001','53af4926-52ee-41d0-9acc-ae7230400001','53af4926-52ee-41d0-9acc-ae7230500016','2017-03-25 02:17:06'
'Pharmacology',400,'53af4926-52ee-41d0-9acc-ae7230300001','53af4926-52ee-41d0-9acc-ae7230400002','53af4926-52ee-41d0-9acc-ae7230500017','2017-03-25 02:17:06'
'Developmental Biology',400,'53af4926-52ee-41d0-9acc-ae7230300001','53af4926-52ee-41d0-9acc-ae7230400003','53af4926-52ee-41d0-9acc-ae7230500018','2017-03-25 02:17:06'
'Marine Biology',400,'53af4926-52ee-41d0-9acc-ae7230300001','53af4926-52ee-41d0-9acc-ae7230400004','53af4926-52ee-41d0-9acc-ae7230500019','2017-03-25 02:17:06'
'Conservation Biology',400,'53af4926-52ee-41d0-9acc-ae7230300001','53af4926-52ee-41d0-9acc-ae7230400005','53af4926-52ee-41d0-9acc-ae7230500020','2017-03-25 02:17:06'
'Principles of Management',100,'53af4926-52ee-41d0-9acc-ae7230300002','53af4926-52ee-41d0-9acc-ae7230400006','53af4926-52ee-41d0-9acc-ae7230500021','2017-03-25 02:17:06'
'Marketing Management',100,'53af4926-52ee-41d0-9acc-ae7230300002','53af4926-52ee-41d0-9acc-ae7230400007','53af4926-52ee-41d0-9acc-ae7230500022','2017-03-25 02:17:06'
'Financial Accounting',100,'53af4926-52ee-41d0-9acc-ae7230300002','53af4926-52ee-41d0-9acc-ae7230400008','53af4926-52ee-41d0-9acc-ae7230500023','2017-03-25 02:17:06'
'Managerial Accounting',100,'53af4926-52ee-41d0-9acc-ae7230300002','53af4926-52ee-41d0-9acc-ae7230400009','53af4926-52ee-41d0-9acc-ae7230500024','2017-03-25 02:17:06'
'Business Law',100,'53af4926-52ee-41d0-9acc-ae7230300002','53af4926-52ee-41d0-9acc-ae7230400010','53af4926-52ee-41d0-9acc-ae7230500025','2017-03-25 02:17:06'
'Organizational Behavior',200,'53af4926-52ee-41d0-9acc-ae7230300002','53af4926-52ee-41d0-9acc-ae7230400006','53af4926-52ee-41d0-9acc-ae7230500026','2017-03-25 02:17:06'
'Operations Management',200,'53af4926-52ee-41d0-9acc-ae7230300002','53af4926-52ee-41d0-9acc-ae7230400007','53af4926-52ee-41d0-9acc-ae7230500027','2017-03-25 02:17:06'
'Financial Management',200,'53af4926-52ee-41d0-9acc-ae7230300002','53af4926-52ee-41d0-9acc-ae7230400008','53af4926-52ee-41d0-9acc-ae7230500028','2017-03-25 02:17:06'
'Entrepreneurship',200,'53af4926-52ee-41d0-9acc-ae7230300002','53af4926-52ee-41d0-9acc-ae7230400009','53af4926-52ee-41d0-9acc-ae7230500029','2017-03-25 02:17:06'
'Business Ethics',200,'53af4926-52ee-41d0-9acc-ae7230300002','53af4926-52ee-41d0-9acc-ae7230400010','53af4926-52ee-41d0-9acc-ae7230500030','2017-03-25 02:17:06'
'Strategic Management',300,'53af4926-52ee-41d0-9acc-ae7230300002','53af4926-52ee-41d0-9acc-ae7230400006','53af4926-52ee-41d0-9acc-ae7230500031','2017-03-25 02:17:06'
'International Business',300,'53af4926-52ee-41d0-9acc-ae7230300002','53af4926-52ee-41d0-9acc-ae7230400007','53af4926-52ee-41d0-9acc-ae7230500032','2017-03-25 02:17:06'
'Human Resource Management',300,'53af4926-52ee-41d0-9acc-ae7230300002','53af4926-52ee-41d0-9acc-ae7230400008','53af4926-52ee-41d0-9acc-ae7230500033','2017-03-25 02:17:06'
'Supply Chain Management',300,'53af4926-52ee-41d0-9acc-ae7230300002','53af4926-52ee-41d0-9acc-ae7230400009','53af4926-52ee-41d0-9acc-ae7230500034','2017-03-25 02:17:06'
'Business Analytics',300,'53af4926-52ee-41d0-9acc-ae7230300002','53af4926-52ee-41d0-9acc-ae7230400010','53af4926-52ee-41d0-9acc-ae7230500035','2017-03-25 02:17:06'
'Corporate Finance',400,'53af4926-52ee-41d0-9acc-ae7230300002','53af4926-52ee-41d0-9acc-ae7230400006','53af4926-52ee-41d0-9acc-ae7230500036','2017-03-25 02:17:06'
'Managerial Economics',400,'53af4926-52ee-41d0-9acc-ae7230300002','53af4926-52ee-41d0-9acc-ae7230400007','53af4926-52ee-41d0-9acc-ae7230500037','2017-03-25 02:17:06'
'Leadership Development',400,'53af4926-52ee-41d0-9acc-ae7230300002','53af4926-52ee-41d0-9acc-ae7230400008','53af4926-52ee-41d0-9acc-ae7230500038','2017-03-25 02:17:06'
'Business Communication',400,'53af4926-52ee-41d0-9acc-ae7230300002','53af4926-52ee-41d0-9acc-ae7230400009','53af4926-52ee-41d0-9acc-ae7230500039','2017-03-25 02:17:06'
'Data Analysis for Business',400,'53af4926-52ee-41d0-9acc-ae7230300002','53af4926-52ee-41d0-9acc-ae7230400010','53af4926-52ee-41d0-9acc-ae7230500040','2017-03-25 02:17:06'
'General Chemistry',100,'53af4926-52ee-41d0-9acc-ae7230300003','53af4926-52ee-41d0-9acc-ae7230400011','53af4926-52ee-41d0-9acc-ae7230500041','2017-03-25 02:17:06'
'Organic Chemistry',100,'53af4926-52ee-41d0-9acc-ae7230300003','53af4926-52ee-41d0-9acc-ae7230400012','53af4926-52ee-41d0-9acc-ae7230500042','2017-03-25 02:17:06'
'Inorganic Chemistry',100,'53af4926-52ee-41d0-9acc-ae7230300003','53af4926-52ee-41d0-9acc-ae7230400013','53af4926-52ee-41d0-9acc-ae7230500043','2017-03-25 02:17:06'
'Analytical Chemistry',100,'53af4926-52ee-41d0-9acc-ae7230300003','53af4926-52ee-41d0-9acc-ae7230400014','53af4926-52ee-41d0-9acc-ae7230500044','2017-03-25 02:17:06'
'Physical Chemistry',100,'53af4926-52ee-41d0-9acc-ae7230300003','53af4926-52ee-41d0-9acc-ae7230400015','53af4926-52ee-41d0-9acc-ae7230500045','2017-03-25 02:17:06'
'Biochemistry',200,'53af4926-52ee-41d0-9acc-ae7230300003','53af4926-52ee-41d0-9acc-ae7230400011','53af4926-52ee-41d0-9acc-ae7230500046','2017-03-25 02:17:06'
'Spectroscopy',200,'53af4926-52ee-41d0-9acc-ae7230300003','53af4926-52ee-41d0-9acc-ae7230400012','53af4926-52ee-41d0-9acc-ae7230500047','2017-03-25 02:17:06'
'Quantum Mechanics',200,'53af4926-52ee-41d0-9acc-ae7230300003','53af4926-52ee-41d0-9acc-ae7230400013','53af4926-52ee-41d0-9acc-ae7230500048','2017-03-25 02:17:06'
'Thermodynamics',200,'53af4926-52ee-41d0-9acc-ae7230300003','53af4926-52ee-41d0-9acc-ae7230400014','53af4926-52ee-41d0-9acc-ae7230500049','2017-03-25 02:17:06'
'Medicinal Chemistry',200,'53af4926-52ee-41d0-9acc-ae7230300003','53af4926-52ee-41d0-9acc-ae7230400015','53af4926-52ee-41d0-9acc-ae7230500050','2017-03-25 02:17:06'
'Polymer Chemistry',300,'53af4926-52ee-41d0-9acc-ae7230300003','53af4926-52ee-41d0-9acc-ae7230400011','53af4926-52ee-41d0-9acc-ae7230500051','2017-03-25 02:17:06'
'Computational Chemistry',300,'53af4926-52ee-41d0-9acc-ae7230300003','53af4926-52ee-41d0-9acc-ae7230400012','53af4926-52ee-41d0-9acc-ae7230500052','2017-03-25 02:17:06'
'Environmental Chemistry',300,'53af4926-52ee-41d0-9acc-ae7230300003','53af4926-52ee-41d0-9acc-ae7230400013','53af4926-52ee-41d0-9acc-ae7230500053','2017-03-25 02:17:06'
'Inorganic Synthesis',300,'53af4926-52ee-41d0-9acc-ae7230300003','53af4926-52ee-41d0-9acc-ae7230400014','53af4926-52ee-41d0-9acc-ae7230500054','2017-03-25 02:17:06'
'Chemical Kinetics',300,'53af4926-52ee-41d0-9acc-ae7230300003','53af4926-52ee-41d0-9acc-ae7230400015','53af4926-52ee-41d0-9acc-ae7230500055','2017-03-25 02:17:06'
'Electrochemistry',400,'53af4926-52ee-41d0-9acc-ae7230300003','53af4926-52ee-41d0-9acc-ae7230400011','53af4926-52ee-41d0-9acc-ae7230500056','2017-03-25 02:17:06'
'Solid-State Chemistry',400,'53af4926-52ee-41d0-9acc-ae7230300003','53af4926-52ee-41d0-9acc-ae7230400012','53af4926-52ee-41d0-9acc-ae7230500057','2017-03-25 02:17:06'
'Forensic Chemistry',400,'53af4926-52ee-41d0-9acc-ae7230300003','53af4926-52ee-41d0-9acc-ae7230400013','53af4926-52ee-41d0-9acc-ae7230500058','2017-03-25 02:17:06'
'Catalysis',400,'53af4926-52ee-41d0-9acc-ae7230300003','53af4926-52ee-41d0-9acc-ae7230400014','53af4926-52ee-41d0-9acc-ae7230500059','2017-03-25 02:17:06'
'Nanotechnology',400,'53af4926-52ee-41d0-9acc-ae7230300003','53af4926-52ee-41d0-9acc-ae7230400015','53af4926-52ee-41d0-9acc-ae7230500060','2017-03-25 02:17:06'
'Introduction to Computer Science',100,'53af4926-52ee-41d0-9acc-ae7230300004','53af4926-52ee-41d0-9acc-ae7230400016','53af4926-52ee-41d0-9acc-ae7230500061','2017-03-25 02:17:06'
'Data Structures and Algorithms',100,'53af4926-52ee-41d0-9acc-ae7230300004','53af4926-52ee-41d0-9acc-ae7230400017','53af4926-52ee-41d0-9acc-ae7230500062','2017-03-25 02:17:06'
'Programming Languages',100,'53af4926-52ee-41d0-9acc-ae7230300004','53af4926-52ee-41d0-9acc-ae7230400018','53af4926-52ee-41d0-9acc-ae7230500063','2017-03-25 02:17:06'
'Computer Architecture',100,'53af4926-52ee-41d0-9acc-ae7230300004','53af4926-52ee-41d0-9acc-ae7230400019','53af4926-52ee-41d0-9acc-ae7230500064','2017-03-25 02:17:06'
'Operating Systems',100,'53af4926-52ee-41d0-9acc-ae7230300004','53af4926-52ee-41d0-9acc-ae7230400020','53af4926-52ee-41d0-9acc-ae7230500065','2017-03-25 02:17:06'
'Software Engineering',200,'53af4926-52ee-41d0-9acc-ae7230300004','53af4926-52ee-41d0-9acc-ae7230400016','53af4926-52ee-41d0-9acc-ae7230500066','2017-03-25 02:17:06'
'Database Systems',200,'53af4926-52ee-41d0-9acc-ae7230300004','53af4926-52ee-41d0-9acc-ae7230400017','53af4926-52ee-41d0-9acc-ae7230500067','2017-03-25 02:17:06'
'Artificial Intelligence',200,'53af4926-52ee-41d0-9acc-ae7230300004','53af4926-52ee-41d0-9acc-ae7230400018','53af4926-52ee-41d0-9acc-ae7230500068','2017-03-25 02:17:06'
'Machine Learning',200,'53af4926-52ee-41d0-9acc-ae7230300004','53af4926-52ee-41d0-9acc-ae7230400019','53af4926-52ee-41d0-9acc-ae7230500069','2017-03-25 02:17:06'
'Computer Networks',200,'53af4926-52ee-41d0-9acc-ae7230300004','53af4926-52ee-41d0-9acc-ae7230400020','53af4926-52ee-41d0-9acc-ae7230500070','2017-03-25 02:17:06'
'Web Development',300,'53af4926-52ee-41d0-9acc-ae7230300004','53af4926-52ee-41d0-9acc-ae7230400016','53af4926-52ee-41d0-9acc-ae7230500071','2017-03-25 02:17:06'
'Mobile App Development',300,'53af4926-52ee-41d0-9acc-ae7230300004','53af4926-52ee-41d0-9acc-ae7230400017','53af4926-52ee-41d0-9acc-ae7230500072','2017-03-25 02:17:06'
'Computer Graphics',300,'53af4926-52ee-41d0-9acc-ae7230300004','53af4926-52ee-41d0-9acc-ae7230400018','53af4926-52ee-41d0-9acc-ae7230500073','2017-03-25 02:17:06'
'Cybersecurity',300,'53af4926-52ee-41d0-9acc-ae7230300004','53af4926-52ee-41d0-9acc-ae7230400019','53af4926-52ee-41d0-9acc-ae7230500074','2017-03-25 02:17:06'
'Data Science',300,'53af4926-52ee-41d0-9acc-ae7230300004','53af4926-52ee-41d0-9acc-ae7230400020','53af4926-52ee-41d0-9acc-ae7230500075','2017-03-25 02:17:06'
'Human-Computer Interaction',400,'53af4926-52ee-41d0-9acc-ae7230300004','53af4926-52ee-41d0-9acc-ae7230400016','53af4926-52ee-41d0-9acc-ae7230500076','2017-03-25 02:17:06'
'Natural Language Processing',400,'53af4926-52ee-41d0-9acc-ae7230300004','53af4926-52ee-41d0-9acc-ae7230400017','53af4926-52ee-41d0-9acc-ae7230500077','2017-03-25 02:17:06'
'Distributed Systems',400,'53af4926-52ee-41d0-9acc-ae7230300004','53af4926-52ee-41d0-9acc-ae7230400018','53af4926-52ee-41d0-9acc-ae7230500078','2017-03-25 02:17:06'
'Cloud Computing',400,'53af4926-52ee-41d0-9acc-ae7230300004','53af4926-52ee-41d0-9acc-ae7230400019','53af4926-52ee-41d0-9acc-ae7230500079','2017-03-25 02:17:06'
'Robotics',400,'53af4926-52ee-41d0-9acc-ae7230300004','53af4926-52ee-41d0-9acc-ae7230400020','53af4926-52ee-41d0-9acc-ae7230500080','2017-03-25 02:17:06'
'Microeconomics',100,'53af4926-52ee-41d0-9acc-ae7230300005','53af4926-52ee-41d0-9acc-ae7230400021','53af4926-52ee-41d0-9acc-ae7230500081','2017-03-25 02:17:06'
'Macroeconomics',100,'53af4926-52ee-41d0-9acc-ae7230300005','53af4926-52ee-41d0-9acc-ae7230400022','53af4926-52ee-41d0-9acc-ae7230500082','2017-03-25 02:17:06'
'Econometrics',100,'53af4926-52ee-41d0-9acc-ae7230300005','53af4926-52ee-41d0-9acc-ae7230400023','53af4926-52ee-41d0-9acc-ae7230500083','2017-03-25 02:17:06'
'Mathematical Economics',100,'53af4926-52ee-41d0-9acc-ae7230300005','53af4926-52ee-41d0-9acc-ae7230400024','53af4926-52ee-41d0-9acc-ae7230500084','2017-03-25 02:17:06'
'Game Theory',100,'53af4926-52ee-41d0-9acc-ae7230300005','53af4926-52ee-41d0-9acc-ae7230400025','53af4926-52ee-41d0-9acc-ae7230500085','2017-03-25 02:17:06'
'International Economics',200,'53af4926-52ee-41d0-9acc-ae7230300005','53af4926-52ee-41d0-9acc-ae7230400021','53af4926-52ee-41d0-9acc-ae7230500086','2017-03-25 02:17:06'
'Development Economics',200,'53af4926-52ee-41d0-9acc-ae7230300005','53af4926-52ee-41d0-9acc-ae7230400022','53af4926-52ee-41d0-9acc-ae7230500087','2017-03-25 02:17:06'
'Labor Economics',200,'53af4926-52ee-41d0-9acc-ae7230300005','53af4926-52ee-41d0-9acc-ae7230400023','53af4926-52ee-41d0-9acc-ae7230500088','2017-03-25 02:17:06'
'Monetary Economics',200,'53af4926-52ee-41d0-9acc-ae7230300005','53af4926-52ee-41d0-9acc-ae7230400024','53af4926-52ee-41d0-9acc-ae7230500089','2017-03-25 02:17:06'
'Environmental Economics',200,'53af4926-52ee-41d0-9acc-ae7230300005','53af4926-52ee-41d0-9acc-ae7230400025','53af4926-52ee-41d0-9acc-ae7230500090','2017-03-25 02:17:06'
'Public Economics',300,'53af4926-52ee-41d0-9acc-ae7230300005','53af4926-52ee-41d0-9acc-ae7230400021','53af4926-52ee-41d0-9acc-ae7230500091','2017-03-25 02:17:06'
'Industrial Organization',300,'53af4926-52ee-41d0-9acc-ae7230300005','53af4926-52ee-41d0-9acc-ae7230400022','53af4926-52ee-41d0-9acc-ae7230500092','2017-03-25 02:17:06'
'Behavioral Economics',300,'53af4926-52ee-41d0-9acc-ae7230300005','53af4926-52ee-41d0-9acc-ae7230400023','53af4926-52ee-41d0-9acc-ae7230500093','2017-03-25 02:17:06'
'Financial Economics',300,'53af4926-52ee-41d0-9acc-ae7230300005','53af4926-52ee-41d0-9acc-ae7230400024','53af4926-52ee-41d0-9acc-ae7230500094','2017-03-25 02:17:06'
'Health Economics',300,'53af4926-52ee-41d0-9acc-ae7230300005','53af4926-52ee-41d0-9acc-ae7230400025','53af4926-52ee-41d0-9acc-ae7230500095','2017-03-25 02:17:06'
'Economic Growth',400,'53af4926-52ee-41d0-9acc-ae7230300005','53af4926-52ee-41d0-9acc-ae7230400021','53af4926-52ee-41d0-9acc-ae7230500096','2017-03-25 02:17:06'
'Urban Economics',400,'53af4926-52ee-41d0-9acc-ae7230300005','53af4926-52ee-41d0-9acc-ae7230400022','53af4926-52ee-41d0-9acc-ae7230500097','2017-03-25 02:17:06'
'Experimental Economics',400,'53af4926-52ee-41d0-9acc-ae7230300005','53af4926-52ee-41d0-9acc-ae7230400023','53af4926-52ee-41d0-9acc-ae7230500098','2017-03-25 02:17:06'
'Econometric Analysis',400,'53af4926-52ee-41d0-9acc-ae7230300005','53af4926-52ee-41d0-9acc-ae7230400024','53af4926-52ee-41d0-9acc-ae7230500099','2017-03-25 02:17:06'
'Economic Policy Analysis',400,'53af4926-52ee-41d0-9acc-ae7230300005','53af4926-52ee-41d0-9acc-ae7230400025','53af4926-52ee-41d0-9acc-ae7230500100','2017-03-25 02:17:06'
'Educational Psychology',100,'53af4926-52ee-41d0-9acc-ae7230300006','53af4926-52ee-41d0-9acc-ae7230400026','53af4926-52ee-41d0-9acc-ae7230500101','2017-03-25 02:17:06'
'Curriculum Development',100,'53af4926-52ee-41d0-9acc-ae7230300006','53af4926-52ee-41d0-9acc-ae7230400027','53af4926-52ee-41d0-9acc-ae7230500102','2017-03-25 02:17:06'
'Instructional Design',100,'53af4926-52ee-41d0-9acc-ae7230300006','53af4926-52ee-41d0-9acc-ae7230400028','53af4926-52ee-41d0-9acc-ae7230500103','2017-03-25 02:17:06'
'Classroom Management',100,'53af4926-52ee-41d0-9acc-ae7230300006','53af4926-52ee-41d0-9acc-ae7230400029','53af4926-52ee-41d0-9acc-ae7230500104','2017-03-25 02:17:06'
'Assessment and Evaluation',100,'53af4926-52ee-41d0-9acc-ae7230300006','53af4926-52ee-41d0-9acc-ae7230400030','53af4926-52ee-41d0-9acc-ae7230500105','2017-03-25 02:17:06'
'Educational Technology',200,'53af4926-52ee-41d0-9acc-ae7230300006','53af4926-52ee-41d0-9acc-ae7230400026','53af4926-52ee-41d0-9acc-ae7230500106','2017-03-25 02:17:06'
'Special Education',200,'53af4926-52ee-41d0-9acc-ae7230300006','53af4926-52ee-41d0-9acc-ae7230400027','53af4926-52ee-41d0-9acc-ae7230500107','2017-03-25 02:17:06'
'Language Acquisition',200,'53af4926-52ee-41d0-9acc-ae7230300006','53af4926-52ee-41d0-9acc-ae7230400028','53af4926-52ee-41d0-9acc-ae7230500108','2017-03-25 02:17:06'
'Literacy Education',200,'53af4926-52ee-41d0-9acc-ae7230300006','53af4926-52ee-41d0-9acc-ae7230400029','53af4926-52ee-41d0-9acc-ae7230500109','2017-03-25 02:17:06'
'Educational Leadership',200,'53af4926-52ee-41d0-9acc-ae7230300006','53af4926-52ee-41d0-9acc-ae7230400030','53af4926-52ee-41d0-9acc-ae7230500110','2017-03-25 02:17:06'
'Educational Research Methods',300,'53af4926-52ee-41d0-9acc-ae7230300006','53af4926-52ee-41d0-9acc-ae7230400026','53af4926-52ee-41d0-9acc-ae7230500111','2017-03-25 02:17:06'
'Cultural Diversity in Education',300,'53af4926-52ee-41d0-9acc-ae7230300006','53af4926-52ee-41d0-9acc-ae7230400027','53af4926-52ee-41d0-9acc-ae7230500112','2017-03-25 02:17:06'
'Educational Policy',300,'53af4926-52ee-41d0-9acc-ae7230300006','53af4926-52ee-41d0-9acc-ae7230400028','53af4926-52ee-41d0-9acc-ae7230500113','2017-03-25 02:17:06'
'Learning Theories',300,'53af4926-52ee-41d0-9acc-ae7230300006','53af4926-52ee-41d0-9acc-ae7230400029','53af4926-52ee-41d0-9acc-ae7230500114','2017-03-25 02:17:06'
'Educational Assessment',300,'53af4926-52ee-41d0-9acc-ae7230300006','53af4926-52ee-41d0-9acc-ae7230400030','53af4926-52ee-41d0-9acc-ae7230500115','2017-03-25 02:17:06'
'Child Development',400,'53af4926-52ee-41d0-9acc-ae7230300006','53af4926-52ee-41d0-9acc-ae7230400026','53af4926-52ee-41d0-9acc-ae7230500116','2017-03-25 02:17:06'
'Educational Law and Ethics',400,'53af4926-52ee-41d0-9acc-ae7230300006','53af4926-52ee-41d0-9acc-ae7230400027','53af4926-52ee-41d0-9acc-ae7230500117','2017-03-25 02:17:06'
'Educational Sociology',400,'53af4926-52ee-41d0-9acc-ae7230300006','53af4926-52ee-41d0-9acc-ae7230400028','53af4926-52ee-41d0-9acc-ae7230500118','2017-03-25 02:17:06'
'Educational Measurement and Evaluation',400,'53af4926-52ee-41d0-9acc-ae7230300006','53af4926-52ee-41d0-9acc-ae7230400029','53af4926-52ee-41d0-9acc-ae7230500119','2017-03-25 02:17:06'
'Teaching Methods and Strategies',400,'53af4926-52ee-41d0-9acc-ae7230300006','53af4926-52ee-41d0-9acc-ae7230400030','53af4926-52ee-41d0-9acc-ae7230500120','2017-03-25 02:17:06'
'Introduction to Engineering',100,'53af4926-52ee-41d0-9acc-ae7230300007','53af4926-52ee-41d0-9acc-ae7230400031','53af4926-52ee-41d0-9acc-ae7230500121','2017-03-25 02:17:06'
'Engineering Mathematics',100,'53af4926-52ee-41d0-9acc-ae7230300007','53af4926-52ee-41d0-9acc-ae7230400032','53af4926-52ee-41d0-9acc-ae7230500122','2017-03-25 02:17:06'
'Engineering Mechanics',100,'53af4926-52ee-41d0-9acc-ae7230300007','53af4926-52ee-41d0-9acc-ae7230400033','53af4926-52ee-41d0-9acc-ae7230500123','2017-03-25 02:17:06'
'Thermodynamics',100,'53af4926-52ee-41d0-9acc-ae7230300007','53af4926-52ee-41d0-9acc-ae7230400034','53af4926-52ee-41d0-9acc-ae7230500124','2017-03-25 02:17:06'
'Fluid Mechanics',100,'53af4926-52ee-41d0-9acc-ae7230300007','53af4926-52ee-41d0-9acc-ae7230400035','53af4926-52ee-41d0-9acc-ae7230500125','2017-03-25 02:17:06'
'Heat Transfer',200,'53af4926-52ee-41d0-9acc-ae7230300007','53af4926-52ee-41d0-9acc-ae7230400031','53af4926-52ee-41d0-9acc-ae7230500126','2017-03-25 02:17:06'
'Materials Science and Engineering',200,'53af4926-52ee-41d0-9acc-ae7230300007','53af4926-52ee-41d0-9acc-ae7230400032','53af4926-52ee-41d0-9acc-ae7230500127','2017-03-25 02:17:06'
'Electrical Circuits',200,'53af4926-52ee-41d0-9acc-ae7230300007','53af4926-52ee-41d0-9acc-ae7230400033','53af4926-52ee-41d0-9acc-ae7230500128','2017-03-25 02:17:06'
'Electronics',200,'53af4926-52ee-41d0-9acc-ae7230300007','53af4926-52ee-41d0-9acc-ae7230400034','53af4926-52ee-41d0-9acc-ae7230500129','2017-03-25 02:17:06'
'Control Systems',200,'53af4926-52ee-41d0-9acc-ae7230300007','53af4926-52ee-41d0-9acc-ae7230400035','53af4926-52ee-41d0-9acc-ae7230500130','2017-03-25 02:17:06'
'Mechanics of Solids',300,'53af4926-52ee-41d0-9acc-ae7230300007','53af4926-52ee-41d0-9acc-ae7230400031','53af4926-52ee-41d0-9acc-ae7230500131','2017-03-25 02:17:06'
'Engineering Design',300,'53af4926-52ee-41d0-9acc-ae7230300007','53af4926-52ee-41d0-9acc-ae7230400032','53af4926-52ee-41d0-9acc-ae7230500132','2017-03-25 02:17:06'
'Renewable Energy Systems',300,'53af4926-52ee-41d0-9acc-ae7230300007','53af4926-52ee-41d0-9acc-ae7230400033','53af4926-52ee-41d0-9acc-ae7230500133','2017-03-25 02:17:06'
'Structural Analysis',300,'53af4926-52ee-41d0-9acc-ae7230300007','53af4926-52ee-41d0-9acc-ae7230400034','53af4926-52ee-41d0-9acc-ae7230500134','2017-03-25 02:17:06'
'Engineering Economics',300,'53af4926-52ee-41d0-9acc-ae7230300007','53af4926-52ee-41d0-9acc-ae7230400035','53af4926-52ee-41d0-9acc-ae7230500135','2017-03-25 02:17:06'
'Manufacturing Processes',400,'53af4926-52ee-41d0-9acc-ae7230300007','53af4926-52ee-41d0-9acc-ae7230400031','53af4926-52ee-41d0-9acc-ae7230500136','2017-03-25 02:17:06'
'Engineering Ethics',400,'53af4926-52ee-41d0-9acc-ae7230300007','53af4926-52ee-41d0-9acc-ae7230400032','53af4926-52ee-41d0-9acc-ae7230500137','2017-03-25 02:17:06'
'Environmental Engineering',400,'53af4926-52ee-41d0-9acc-ae7230300007','53af4926-52ee-41d0-9acc-ae7230400033','53af4926-52ee-41d0-9acc-ae7230500138','2017-03-25 02:17:06'
'Transportation Engineering',400,'53af4926-52ee-41d0-9acc-ae7230300007','53af4926-52ee-41d0-9acc-ae7230400034','53af4926-52ee-41d0-9acc-ae7230500139','2017-03-25 02:17:06'
'Engineering Project Management',400,'53af4926-52ee-41d0-9acc-ae7230300007','53af4926-52ee-41d0-9acc-ae7230400035','53af4926-52ee-41d0-9acc-ae7230500140','2017-03-25 02:17:06'
'Introduction to Environmental Science',100,'53af4926-52ee-41d0-9acc-ae7230300008','53af4926-52ee-41d0-9acc-ae7230400036','53af4926-52ee-41d0-9acc-ae7230500141','2017-03-25 02:17:06'
'Ecology',100,'53af4926-52ee-41d0-9acc-ae7230300008','53af4926-52ee-41d0-9acc-ae7230400037','53af4926-52ee-41d0-9acc-ae7230500142','2017-03-25 02:17:06'
'Environmental Chemistry',100,'53af4926-52ee-41d0-9acc-ae7230300008','53af4926-52ee-41d0-9acc-ae7230400038','53af4926-52ee-41d0-9acc-ae7230500143','2017-03-25 02:17:06'
'Environmental Policy',100,'53af4926-52ee-41d0-9acc-ae7230300008','53af4926-52ee-41d0-9acc-ae7230400039','53af4926-52ee-41d0-9acc-ae7230500144','2017-03-25 02:17:06'
'Environmental Impact Assessment',100,'53af4926-52ee-41d0-9acc-ae7230300008','53af4926-52ee-41d0-9acc-ae7230400040','53af4926-52ee-41d0-9acc-ae7230500145','2017-03-25 02:17:06'
'Climate Change Science',200,'53af4926-52ee-41d0-9acc-ae7230300008','53af4926-52ee-41d0-9acc-ae7230400036','53af4926-52ee-41d0-9acc-ae7230500146','2017-03-25 02:17:06'
'Conservation Biology',200,'53af4926-52ee-41d0-9acc-ae7230300008','53af4926-52ee-41d0-9acc-ae7230400037','53af4926-52ee-41d0-9acc-ae7230500147','2017-03-25 02:17:06'
'Environmental Economics',200,'53af4926-52ee-41d0-9acc-ae7230300008','53af4926-52ee-41d0-9acc-ae7230400038','53af4926-52ee-41d0-9acc-ae7230500148','2017-03-25 02:17:06'
'Environmental Law and Ethics',200,'53af4926-52ee-41d0-9acc-ae7230300008','53af4926-52ee-41d0-9acc-ae7230400039','53af4926-52ee-41d0-9acc-ae7230500149','2017-03-25 02:17:06'
'Geographical Information Systems (GIS)',200,'53af4926-52ee-41d0-9acc-ae7230300008','53af4926-52ee-41d0-9acc-ae7230400040','53af4926-52ee-41d0-9acc-ae7230500150','2017-03-25 02:17:06'
'Hydrology',300,'53af4926-52ee-41d0-9acc-ae7230300008','53af4926-52ee-41d0-9acc-ae7230400036','53af4926-52ee-41d0-9acc-ae7230500151','2017-03-25 02:17:06'
'Environmental Modeling',300,'53af4926-52ee-41d0-9acc-ae7230300008','53af4926-52ee-41d0-9acc-ae7230400037','53af4926-52ee-41d0-9acc-ae7230500152','2017-03-25 02:17:06'
'Air Pollution Control',300,'53af4926-52ee-41d0-9acc-ae7230300008','53af4926-52ee-41d0-9acc-ae7230400038','53af4926-52ee-41d0-9acc-ae7230500153','2017-03-25 02:17:06'
'Water Resources Management',300,'53af4926-52ee-41d0-9acc-ae7230300008','53af4926-52ee-41d0-9acc-ae7230400039','53af4926-52ee-41d0-9acc-ae7230500154','2017-03-25 02:17:06'
'Soil Science',300,'53af4926-52ee-41d0-9acc-ae7230300008','53af4926-52ee-41d0-9acc-ae7230400040','53af4926-52ee-41d0-9acc-ae7230500155','2017-03-25 02:17:06'
'Renewable Energy Systems',400,'53af4926-52ee-41d0-9acc-ae7230300008','53af4926-52ee-41d0-9acc-ae7230400036','53af4926-52ee-41d0-9acc-ae7230500156','2017-03-25 02:17:06'
'Sustainable Development',400,'53af4926-52ee-41d0-9acc-ae7230300008','53af4926-52ee-41d0-9acc-ae7230400037','53af4926-52ee-41d0-9acc-ae7230500157','2017-03-25 02:17:06'
'Environmental Health',400,'53af4926-52ee-41d0-9acc-ae7230300008','53af4926-52ee-41d0-9acc-ae7230400038','53af4926-52ee-41d0-9acc-ae7230500158','2017-03-25 02:17:06'
'Environmental Data Analysis',400,'53af4926-52ee-41d0-9acc-ae7230300008','53af4926-52ee-41d0-9acc-ae7230400039','53af4926-52ee-41d0-9acc-ae7230500159','2017-03-25 02:17:06'
'Environmental Sustainability',400,'53af4926-52ee-41d0-9acc-ae7230300008','53af4926-52ee-41d0-9acc-ae7230400040','53af4926-52ee-41d0-9acc-ae7230500160','2017-03-25 02:17:06'
'World History',100,'53af4926-52ee-41d0-9acc-ae7230300009','53af4926-52ee-41d0-9acc-ae7230400041','53af4926-52ee-41d0-9acc-ae7230500161','2017-03-25 02:17:06'
'Western Civilization',100,'53af4926-52ee-41d0-9acc-ae7230300009','53af4926-52ee-41d0-9acc-ae7230400042','53af4926-52ee-41d0-9acc-ae7230500162','2017-03-25 02:17:06'
'United States History',100,'53af4926-52ee-41d0-9acc-ae7230300009','53af4926-52ee-41d0-9acc-ae7230400043','53af4926-52ee-41d0-9acc-ae7230500163','2017-03-25 02:17:06'
'Ancient History',100,'53af4926-52ee-41d0-9acc-ae7230300009','53af4926-52ee-41d0-9acc-ae7230400044','53af4926-52ee-41d0-9acc-ae7230500164','2017-03-25 02:17:06'
'Medieval History',100,'53af4926-52ee-41d0-9acc-ae7230300009','53af4926-52ee-41d0-9acc-ae7230400045','53af4926-52ee-41d0-9acc-ae7230500165','2017-03-25 02:17:06'
'Modern European History',200,'53af4926-52ee-41d0-9acc-ae7230300009','53af4926-52ee-41d0-9acc-ae7230400041','53af4926-52ee-41d0-9acc-ae7230500166','2017-03-25 02:17:06'
'History of Asia',200,'53af4926-52ee-41d0-9acc-ae7230300009','53af4926-52ee-41d0-9acc-ae7230400042','53af4926-52ee-41d0-9acc-ae7230500167','2017-03-25 02:17:06'
'African History',200,'53af4926-52ee-41d0-9acc-ae7230300009','53af4926-52ee-41d0-9acc-ae7230400043','53af4926-52ee-41d0-9acc-ae7230500168','2017-03-25 02:17:06'
'Latin American History',200,'53af4926-52ee-41d0-9acc-ae7230300009','53af4926-52ee-41d0-9acc-ae7230400044','53af4926-52ee-41d0-9acc-ae7230500169','2017-03-25 02:17:06'
'History of Science and Technology',200,'53af4926-52ee-41d0-9acc-ae7230300009','53af4926-52ee-41d0-9acc-ae7230400045','53af4926-52ee-41d0-9acc-ae7230500170','2017-03-25 02:17:06'
'Gender History',300,'53af4926-52ee-41d0-9acc-ae7230300009','53af4926-52ee-41d0-9acc-ae7230400041','53af4926-52ee-41d0-9acc-ae7230500171','2017-03-25 02:17:06'
'Economic History',300,'53af4926-52ee-41d0-9acc-ae7230300009','53af4926-52ee-41d0-9acc-ae7230400042','53af4926-52ee-41d0-9acc-ae7230500172','2017-03-25 02:17:06'
'Cultural History',300,'53af4926-52ee-41d0-9acc-ae7230300009','53af4926-52ee-41d0-9acc-ae7230400043','53af4926-52ee-41d0-9acc-ae7230500173','2017-03-25 02:17:06'
'Intellectual History',300,'53af4926-52ee-41d0-9acc-ae7230300009','53af4926-52ee-41d0-9acc-ae7230400044','53af4926-52ee-41d0-9acc-ae7230500174','2017-03-25 02:17:06'
'Military History',300,'53af4926-52ee-41d0-9acc-ae7230300009','53af4926-52ee-41d0-9acc-ae7230400045','53af4926-52ee-41d0-9acc-ae7230500175','2017-03-25 02:17:06'
'Diplomatic History',400,'53af4926-52ee-41d0-9acc-ae7230300009','53af4926-52ee-41d0-9acc-ae7230400041','53af4926-52ee-41d0-9acc-ae7230500176','2017-03-25 02:17:06'
'Social History',400,'53af4926-52ee-41d0-9acc-ae7230300009','53af4926-52ee-41d0-9acc-ae7230400042','53af4926-52ee-41d0-9acc-ae7230500177','2017-03-25 02:17:06'
'Oral History',400,'53af4926-52ee-41d0-9acc-ae7230300009','53af4926-52ee-41d0-9acc-ae7230400043','53af4926-52ee-41d0-9acc-ae7230500178','2017-03-25 02:17:06'
'Public History',400,'53af4926-52ee-41d0-9acc-ae7230300009','53af4926-52ee-41d0-9acc-ae7230400044','53af4926-52ee-41d0-9acc-ae7230500179','2017-03-25 02:17:06'
'History Research Methods',400,'53af4926-52ee-41d0-9acc-ae7230300009','53af4926-52ee-41d0-9acc-ae7230400045','53af4926-52ee-41d0-9acc-ae7230500180','2017-03-25 02:17:06'
'Introduction to Literature',100,'53af4926-52ee-41d0-9acc-ae7230300010','53af4926-52ee-41d0-9acc-ae7230400046','53af4926-52ee-41d0-9acc-ae7230500181','2017-03-25 02:17:06'
'American Literature',100,'53af4926-52ee-41d0-9acc-ae7230300010','53af4926-52ee-41d0-9acc-ae7230400047','53af4926-52ee-41d0-9acc-ae7230500182','2017-03-25 02:17:06'
'British Literature',100,'53af4926-52ee-41d0-9acc-ae7230300010','53af4926-52ee-41d0-9acc-ae7230400048','53af4926-52ee-41d0-9acc-ae7230500183','2017-03-25 02:17:06'
'World Literature',100,'53af4926-52ee-41d0-9acc-ae7230300010','53af4926-52ee-41d0-9acc-ae7230400049','53af4926-52ee-41d0-9acc-ae7230500184','2017-03-25 02:17:06'
'Shakespeare',100,'53af4926-52ee-41d0-9acc-ae7230300010','53af4926-52ee-41d0-9acc-ae7230400050','53af4926-52ee-41d0-9acc-ae7230500185','2017-03-25 02:17:06'
'Poetry',200,'53af4926-52ee-41d0-9acc-ae7230300010','53af4926-52ee-41d0-9acc-ae7230400046','53af4926-52ee-41d0-9acc-ae7230500186','2017-03-25 02:17:06'
'Prose Fiction',200,'53af4926-52ee-41d0-9acc-ae7230300010','53af4926-52ee-41d0-9acc-ae7230400047','53af4926-52ee-41d0-9acc-ae7230500187','2017-03-25 02:17:06'
'Literary Theory',200,'53af4926-52ee-41d0-9acc-ae7230300010','53af4926-52ee-41d0-9acc-ae7230400048','53af4926-52ee-41d0-9acc-ae7230500188','2017-03-25 02:17:06'
'Literary Criticism',200,'53af4926-52ee-41d0-9acc-ae7230300010','53af4926-52ee-41d0-9acc-ae7230400049','53af4926-52ee-41d0-9acc-ae7230500189','2017-03-25 02:17:06'
'Postcolonial Literature',200,'53af4926-52ee-41d0-9acc-ae7230300010','53af4926-52ee-41d0-9acc-ae7230400050','53af4926-52ee-41d0-9acc-ae7230500190','2017-03-25 02:17:06'
'Modernism and Postmodernism',300,'53af4926-52ee-41d0-9acc-ae7230300010','53af4926-52ee-41d0-9acc-ae7230400046','53af4926-52ee-41d0-9acc-ae7230500191','2017-03-25 02:17:06'
'Comparative Literature',300,'53af4926-52ee-41d0-9acc-ae7230300010','53af4926-52ee-41d0-9acc-ae7230400047','53af4926-52ee-41d0-9acc-ae7230500192','2017-03-25 02:17:06'
'Women''s Literature',300,'53af4926-52ee-41d0-9acc-ae7230300010','53af4926-52ee-41d0-9acc-ae7230400048','53af4926-52ee-41d0-9acc-ae7230500193','2017-03-25 02:17:06'
'African American Literature',300,'53af4926-52ee-41d0-9acc-ae7230300010','53af4926-52ee-41d0-9acc-ae7230400049','53af4926-52ee-41d0-9acc-ae7230500194','2017-03-25 02:17:06'
'Film Studies',300,'53af4926-52ee-41d0-9acc-ae7230300010','53af4926-52ee-41d0-9acc-ae7230400050','53af4926-52ee-41d0-9acc-ae7230500195','2017-03-25 02:17:06'
'Gothic Literature',400,'53af4926-52ee-41d0-9acc-ae7230300010','53af4926-52ee-41d0-9acc-ae7230400046','53af4926-52ee-41d0-9acc-ae7230500196','2017-03-25 02:17:06'
'Children''s Literature',400,'53af4926-52ee-41d0-9acc-ae7230300010','53af4926-52ee-41d0-9acc-ae7230400047','53af4926-52ee-41d0-9acc-ae7230500197','2017-03-25 02:17:06'
'Drama and Performance Studies',400,'53af4926-52ee-41d0-9acc-ae7230300010','53af4926-52ee-41d0-9acc-ae7230400048','53af4926-52ee-41d0-9acc-ae7230500198','2017-03-25 02:17:06'
'Creative Writing',400,'53af4926-52ee-41d0-9acc-ae7230300010','53af4926-52ee-41d0-9acc-ae7230400049','53af4926-52ee-41d0-9acc-ae7230500199','2017-03-25 02:17:06'
'Literary Research Methods',400,'53af4926-52ee-41d0-9acc-ae7230300010','53af4926-52ee-41d0-9acc-ae7230400050','53af4926-52ee-41d0-9acc-ae7230500200','2017-03-25 02:17:06'
'Calculus',100,'53af4926-52ee-41d0-9acc-ae7230300011','53af4926-52ee-41d0-9acc-ae7230400051','53af4926-52ee-41d0-9acc-ae7230500201','2017-03-25 02:17:06'
'Linear Algebra',100,'53af4926-52ee-41d0-9acc-ae7230300011','53af4926-52ee-41d0-9acc-ae7230400052','53af4926-52ee-41d0-9acc-ae7230500202','2017-03-25 02:17:06'
'Differential Equations',100,'53af4926-52ee-41d0-9acc-ae7230300011','53af4926-52ee-41d0-9acc-ae7230400053','53af4926-52ee-41d0-9acc-ae7230500203','2017-03-25 02:17:06'
'Probability Theory',100,'53af4926-52ee-41d0-9acc-ae7230300011','53af4926-52ee-41d0-9acc-ae7230400054','53af4926-52ee-41d0-9acc-ae7230500204','2017-03-25 02:17:06'
'Mathematical Statistics',100,'53af4926-52ee-41d0-9acc-ae7230300011','53af4926-52ee-41d0-9acc-ae7230400055','53af4926-52ee-41d0-9acc-ae7230500205','2017-03-25 02:17:06'
'Discrete Mathematics',200,'53af4926-52ee-41d0-9acc-ae7230300011','53af4926-52ee-41d0-9acc-ae7230400051','53af4926-52ee-41d0-9acc-ae7230500206','2017-03-25 02:17:06'
'Real Analysis',200,'53af4926-52ee-41d0-9acc-ae7230300011','53af4926-52ee-41d0-9acc-ae7230400052','53af4926-52ee-41d0-9acc-ae7230500207','2017-03-25 02:17:06'
'Complex Analysis',200,'53af4926-52ee-41d0-9acc-ae7230300011','53af4926-52ee-41d0-9acc-ae7230400053','53af4926-52ee-41d0-9acc-ae7230500208','2017-03-25 02:17:06'
'Numerical Analysis',200,'53af4926-52ee-41d0-9acc-ae7230300011','53af4926-52ee-41d0-9acc-ae7230400054','53af4926-52ee-41d0-9acc-ae7230500209','2017-03-25 02:17:06'
'Algebra',200,'53af4926-52ee-41d0-9acc-ae7230300011','53af4926-52ee-41d0-9acc-ae7230400055','53af4926-52ee-41d0-9acc-ae7230500210','2017-03-25 02:17:06'
'Topology',300,'53af4926-52ee-41d0-9acc-ae7230300011','53af4926-52ee-41d0-9acc-ae7230400051','53af4926-52ee-41d0-9acc-ae7230500211','2017-03-25 02:17:06'
'Mathematical Modeling',300,'53af4926-52ee-41d0-9acc-ae7230300011','53af4926-52ee-41d0-9acc-ae7230400052','53af4926-52ee-41d0-9acc-ae7230500212','2017-03-25 02:17:06'
'Number Theory',300,'53af4926-52ee-41d0-9acc-ae7230300011','53af4926-52ee-41d0-9acc-ae7230400053','53af4926-52ee-41d0-9acc-ae7230500213','2017-03-25 02:17:06'
'Mathematical Logic',300,'53af4926-52ee-41d0-9acc-ae7230300011','53af4926-52ee-41d0-9acc-ae7230400054','53af4926-52ee-41d0-9acc-ae7230500214','2017-03-25 02:17:06'
'Mathematical Optimization',300,'53af4926-52ee-41d0-9acc-ae7230300011','53af4926-52ee-41d0-9acc-ae7230400055','53af4926-52ee-41d0-9acc-ae7230500215','2017-03-25 02:17:06'
'Differential Geometry',400,'53af4926-52ee-41d0-9acc-ae7230300011','53af4926-52ee-41d0-9acc-ae7230400051','53af4926-52ee-41d0-9acc-ae7230500216','2017-03-25 02:17:06'
'Graph Theory',400,'53af4926-52ee-41d0-9acc-ae7230300011','53af4926-52ee-41d0-9acc-ae7230400052','53af4926-52ee-41d0-9acc-ae7230500217','2017-03-25 02:17:06'
'Mathematical Physics',400,'53af4926-52ee-41d0-9acc-ae7230300011','53af4926-52ee-41d0-9acc-ae7230400053','53af4926-52ee-41d0-9acc-ae7230500218','2017-03-25 02:17:06'
'Mathematical Finance',400,'53af4926-52ee-41d0-9acc-ae7230300011','53af4926-52ee-41d0-9acc-ae7230400054','53af4926-52ee-41d0-9acc-ae7230500219','2017-03-25 02:17:06'
'History of Mathematics',400,'53af4926-52ee-41d0-9acc-ae7230300011','53af4926-52ee-41d0-9acc-ae7230400055','53af4926-52ee-41d0-9acc-ae7230500220','2017-03-25 02:17:06'
'Human Anatomy',100,'53af4926-52ee-41d0-9acc-ae7230300012','53af4926-52ee-41d0-9acc-ae7230400056','53af4926-52ee-41d0-9acc-ae7230500221','2017-03-25 02:17:06'
'Physiology',100,'53af4926-52ee-41d0-9acc-ae7230300012','53af4926-52ee-41d0-9acc-ae7230400057','53af4926-52ee-41d0-9acc-ae7230500222','2017-03-25 02:17:06'
'Biochemistry',100,'53af4926-52ee-41d0-9acc-ae7230300012','53af4926-52ee-41d0-9acc-ae7230400058','53af4926-52ee-41d0-9acc-ae7230500223','2017-03-25 02:17:06'
'Pharmacology',100,'53af4926-52ee-41d0-9acc-ae7230300012','53af4926-52ee-41d0-9acc-ae7230400059','53af4926-52ee-41d0-9acc-ae7230500224','2017-03-25 02:17:06'
'Pathology',100,'53af4926-52ee-41d0-9acc-ae7230300012','53af4926-52ee-41d0-9acc-ae7230400060','53af4926-52ee-41d0-9acc-ae7230500225','2017-03-25 02:17:06'
'Microbiology',200,'53af4926-52ee-41d0-9acc-ae7230300012','53af4926-52ee-41d0-9acc-ae7230400056','53af4926-52ee-41d0-9acc-ae7230500226','2017-03-25 02:17:06'
'Immunology',200,'53af4926-52ee-41d0-9acc-ae7230300012','53af4926-52ee-41d0-9acc-ae7230400057','53af4926-52ee-41d0-9acc-ae7230500227','2017-03-25 02:17:06'
'Medical Genetics',200,'53af4926-52ee-41d0-9acc-ae7230300012','53af4926-52ee-41d0-9acc-ae7230400058','53af4926-52ee-41d0-9acc-ae7230500228','2017-03-25 02:17:06'
'Medical Ethics',200,'53af4926-52ee-41d0-9acc-ae7230300012','53af4926-52ee-41d0-9acc-ae7230400059','53af4926-52ee-41d0-9acc-ae7230500229','2017-03-25 02:17:06'
'Medical Imaging',200,'53af4926-52ee-41d0-9acc-ae7230300012','53af4926-52ee-41d0-9acc-ae7230400060','53af4926-52ee-41d0-9acc-ae7230500230','2017-03-25 02:17:06'
'Clinical Skills and Patient Care',300,'53af4926-52ee-41d0-9acc-ae7230300012','53af4926-52ee-41d0-9acc-ae7230400056','53af4926-52ee-41d0-9acc-ae7230500231','2017-03-25 02:17:06'
'Internal Medicine',300,'53af4926-52ee-41d0-9acc-ae7230300012','53af4926-52ee-41d0-9acc-ae7230400057','53af4926-52ee-41d0-9acc-ae7230500232','2017-03-25 02:17:06'
'Pediatrics',300,'53af4926-52ee-41d0-9acc-ae7230300012','53af4926-52ee-41d0-9acc-ae7230400058','53af4926-52ee-41d0-9acc-ae7230500233','2017-03-25 02:17:06'
'Obstetrics and Gynecology',300,'53af4926-52ee-41d0-9acc-ae7230300012','53af4926-52ee-41d0-9acc-ae7230400059','53af4926-52ee-41d0-9acc-ae7230500234','2017-03-25 02:17:06'
'Surgery',300,'53af4926-52ee-41d0-9acc-ae7230300012','53af4926-52ee-41d0-9acc-ae7230400060','53af4926-52ee-41d0-9acc-ae7230500235','2017-03-25 02:17:06'
'Emergency Medicine',400,'53af4926-52ee-41d0-9acc-ae7230300012','53af4926-52ee-41d0-9acc-ae7230400056','53af4926-52ee-41d0-9acc-ae7230500236','2017-03-25 02:17:06'
'Psychiatry',400,'53af4926-52ee-41d0-9acc-ae7230300012','53af4926-52ee-41d0-9acc-ae7230400057','53af4926-52ee-41d0-9acc-ae7230500237','2017-03-25 02:17:06'
'Public Health',400,'53af4926-52ee-41d0-9acc-ae7230300012','53af4926-52ee-41d0-9acc-ae7230400058','53af4926-52ee-41d0-9acc-ae7230500238','2017-03-25 02:17:06'
'Medical Research Methods',400,'53af4926-52ee-41d0-9acc-ae7230300012','53af4926-52ee-41d0-9acc-ae7230400059','53af4926-52ee-41d0-9acc-ae7230500239','2017-03-25 02:17:06'
'Medical Informatics',400,'53af4926-52ee-41d0-9acc-ae7230300012','53af4926-52ee-41d0-9acc-ae7230400060','53af4926-52ee-41d0-9acc-ae7230500240','2017-03-25 02:17:06'
'Music Theory',100,'53af4926-52ee-41d0-9acc-ae7230300013','53af4926-52ee-41d0-9acc-ae7230400061','53af4926-52ee-41d0-9acc-ae7230500241','2017-03-25 02:17:06'
'Music History',100,'53af4926-52ee-41d0-9acc-ae7230300013','53af4926-52ee-41d0-9acc-ae7230400062','53af4926-52ee-41d0-9acc-ae7230500242','2017-03-25 02:17:06'
'Aural Skills',100,'53af4926-52ee-41d0-9acc-ae7230300013','53af4926-52ee-41d0-9acc-ae7230400063','53af4926-52ee-41d0-9acc-ae7230500243','2017-03-25 02:17:06'
'Composition',100,'53af4926-52ee-41d0-9acc-ae7230300013','53af4926-52ee-41d0-9acc-ae7230400064','53af4926-52ee-41d0-9acc-ae7230500244','2017-03-25 02:17:06'
'Orchestration',100,'53af4926-52ee-41d0-9acc-ae7230300013','53af4926-52ee-41d0-9acc-ae7230400065','53af4926-52ee-41d0-9acc-ae7230500245','2017-03-25 02:17:06'
'Music Technology',200,'53af4926-52ee-41d0-9acc-ae7230300013','53af4926-52ee-41d0-9acc-ae7230400061','53af4926-52ee-41d0-9acc-ae7230500246','2017-03-25 02:17:06'
'Conducting',200,'53af4926-52ee-41d0-9acc-ae7230300013','53af4926-52ee-41d0-9acc-ae7230400062','53af4926-52ee-41d0-9acc-ae7230500247','2017-03-25 02:17:06'
'Music Education',200,'53af4926-52ee-41d0-9acc-ae7230300013','53af4926-52ee-41d0-9acc-ae7230400063','53af4926-52ee-41d0-9acc-ae7230500248','2017-03-25 02:17:06'
'Jazz Studies',200,'53af4926-52ee-41d0-9acc-ae7230300013','53af4926-52ee-41d0-9acc-ae7230400064','53af4926-52ee-41d0-9acc-ae7230500249','2017-03-25 02:17:06'
'Ethnomusicology',200,'53af4926-52ee-41d0-9acc-ae7230300013','53af4926-52ee-41d0-9acc-ae7230400065','53af4926-52ee-41d0-9acc-ae7230500250','2017-03-25 02:17:06'
'Music Psychology',300,'53af4926-52ee-41d0-9acc-ae7230300013','53af4926-52ee-41d0-9acc-ae7230400061','53af4926-52ee-41d0-9acc-ae7230500251','2017-03-25 02:17:06'
'Music Appreciation',300,'53af4926-52ee-41d0-9acc-ae7230300013','53af4926-52ee-41d0-9acc-ae7230400062','53af4926-52ee-41d0-9acc-ae7230500252','2017-03-25 02:17:06'
'Vocal Performance',300,'53af4926-52ee-41d0-9acc-ae7230300013','53af4926-52ee-41d0-9acc-ae7230400063','53af4926-52ee-41d0-9acc-ae7230500253','2017-03-25 02:17:06'
'Instrumental Performance',300,'53af4926-52ee-41d0-9acc-ae7230300013','53af4926-52ee-41d0-9acc-ae7230400064','53af4926-52ee-41d0-9acc-ae7230500254','2017-03-25 02:17:06'
'Music Ensemble',300,'53af4926-52ee-41d0-9acc-ae7230300013','53af4926-52ee-41d0-9acc-ae7230400065','53af4926-52ee-41d0-9acc-ae7230500255','2017-03-25 02:17:06'
'Music Therapy',400,'53af4926-52ee-41d0-9acc-ae7230300013','53af4926-52ee-41d0-9acc-ae7230400061','53af4926-52ee-41d0-9acc-ae7230500256','2017-03-25 02:17:06'
'Music Business and Entrepreneurship',400,'53af4926-52ee-41d0-9acc-ae7230300013','53af4926-52ee-41d0-9acc-ae7230400062','53af4926-52ee-41d0-9acc-ae7230500257','2017-03-25 02:17:06'
'Music and Film',400,'53af4926-52ee-41d0-9acc-ae7230300013','53af4926-52ee-41d0-9acc-ae7230400063','53af4926-52ee-41d0-9acc-ae7230500258','2017-03-25 02:17:06'
'Music and Society',400,'53af4926-52ee-41d0-9acc-ae7230300013','53af4926-52ee-41d0-9acc-ae7230400064','53af4926-52ee-41d0-9acc-ae7230500259','2017-03-25 02:17:06'
'Music Research and Analysis',400,'53af4926-52ee-41d0-9acc-ae7230300013','53af4926-52ee-41d0-9acc-ae7230400065','53af4926-52ee-41d0-9acc-ae7230500260','2017-03-25 02:17:06'
'Fundamentals of Nursing',100,'53af4926-52ee-41d0-9acc-ae7230300014','53af4926-52ee-41d0-9acc-ae7230400066','53af4926-52ee-41d0-9acc-ae7230500261','2017-03-25 02:17:06'
'Medical-Surgical Nursing',100,'53af4926-52ee-41d0-9acc-ae7230300014','53af4926-52ee-41d0-9acc-ae7230400067','53af4926-52ee-41d0-9acc-ae7230500262','2017-03-25 02:17:06'
'Pediatric Nursing',100,'53af4926-52ee-41d0-9acc-ae7230300014','53af4926-52ee-41d0-9acc-ae7230400068','53af4926-52ee-41d0-9acc-ae7230500263','2017-03-25 02:17:06'
'Maternity Nursing',100,'53af4926-52ee-41d0-9acc-ae7230300014','53af4926-52ee-41d0-9acc-ae7230400069','53af4926-52ee-41d0-9acc-ae7230500264','2017-03-25 02:17:06'
'Psychiatric Nursing',100,'53af4926-52ee-41d0-9acc-ae7230300014','53af4926-52ee-41d0-9acc-ae7230400070','53af4926-52ee-41d0-9acc-ae7230500265','2017-03-25 02:17:06'
'Community Health Nursing',200,'53af4926-52ee-41d0-9acc-ae7230300014','53af4926-52ee-41d0-9acc-ae7230400066','53af4926-52ee-41d0-9acc-ae7230500266','2017-03-25 02:17:06'
'Geriatric Nursing',200,'53af4926-52ee-41d0-9acc-ae7230300014','53af4926-52ee-41d0-9acc-ae7230400067','53af4926-52ee-41d0-9acc-ae7230500267','2017-03-25 02:17:06'
'Pharmacology for Nurses',200,'53af4926-52ee-41d0-9acc-ae7230300014','53af4926-52ee-41d0-9acc-ae7230400068','53af4926-52ee-41d0-9acc-ae7230500268','2017-03-25 02:17:06'
'Nursing Research',200,'53af4926-52ee-41d0-9acc-ae7230300014','53af4926-52ee-41d0-9acc-ae7230400069','53af4926-52ee-41d0-9acc-ae7230500269','2017-03-25 02:17:06'
'Nursing Ethics',200,'53af4926-52ee-41d0-9acc-ae7230300014','53af4926-52ee-41d0-9acc-ae7230400070','53af4926-52ee-41d0-9acc-ae7230500270','2017-03-25 02:17:06'
'Health Assessment',300,'53af4926-52ee-41d0-9acc-ae7230300014','53af4926-52ee-41d0-9acc-ae7230400066','53af4926-52ee-41d0-9acc-ae7230500271','2017-03-25 02:17:06'
'Nursing Leadership and Management',300,'53af4926-52ee-41d0-9acc-ae7230300014','53af4926-52ee-41d0-9acc-ae7230400067','53af4926-52ee-41d0-9acc-ae7230500272','2017-03-25 02:17:06'
'Evidence-Based Practice in Nursing',300,'53af4926-52ee-41d0-9acc-ae7230300014','53af4926-52ee-41d0-9acc-ae7230400068','53af4926-52ee-41d0-9acc-ae7230500273','2017-03-25 02:17:06'
'Critical Care Nursing',300,'53af4926-52ee-41d0-9acc-ae7230300014','53af4926-52ee-41d0-9acc-ae7230400069','53af4926-52ee-41d0-9acc-ae7230500274','2017-03-25 02:17:06'
'Palliative Care Nursing',300,'53af4926-52ee-41d0-9acc-ae7230300014','53af4926-52ee-41d0-9acc-ae7230400070','53af4926-52ee-41d0-9acc-ae7230500275','2017-03-25 02:17:06'
'Nursing Informatics',400,'53af4926-52ee-41d0-9acc-ae7230300014','53af4926-52ee-41d0-9acc-ae7230400066','53af4926-52ee-41d0-9acc-ae7230500276','2017-03-25 02:17:06'
'Family Nursing',400,'53af4926-52ee-41d0-9acc-ae7230300014','53af4926-52ee-41d0-9acc-ae7230400067','53af4926-52ee-41d0-9acc-ae7230500277','2017-03-25 02:17:06'
'Public Health Nursing',400,'53af4926-52ee-41d0-9acc-ae7230300014','53af4926-52ee-41d0-9acc-ae7230400068','53af4926-52ee-41d0-9acc-ae7230500278','2017-03-25 02:17:06'
'Nursing Education',400,'53af4926-52ee-41d0-9acc-ae7230300014','53af4926-52ee-41d0-9acc-ae7230400069','53af4926-52ee-41d0-9acc-ae7230500279','2017-03-25 02:17:06'
'Nursing Practicum/Clinical Experience',400,'53af4926-52ee-41d0-9acc-ae7230300014','53af4926-52ee-41d0-9acc-ae7230400070','53af4926-52ee-41d0-9acc-ae7230500280','2017-03-25 02:17:06'
'Introduction to Philosophy',100,'53af4926-52ee-41d0-9acc-ae7230300015','53af4926-52ee-41d0-9acc-ae7230400071','53af4926-52ee-41d0-9acc-ae7230500281','2017-03-25 02:17:06'
'Ethics',100,'53af4926-52ee-41d0-9acc-ae7230300015','53af4926-52ee-41d0-9acc-ae7230400072','53af4926-52ee-41d0-9acc-ae7230500282','2017-03-25 02:17:06'
'Epistemology',100,'53af4926-52ee-41d0-9acc-ae7230300015','53af4926-52ee-41d0-9acc-ae7230400073','53af4926-52ee-41d0-9acc-ae7230500283','2017-03-25 02:17:06'
'Metaphysics',100,'53af4926-52ee-41d0-9acc-ae7230300015','53af4926-52ee-41d0-9acc-ae7230400074','53af4926-52ee-41d0-9acc-ae7230500284','2017-03-25 02:17:06'
'Logic',100,'53af4926-52ee-41d0-9acc-ae7230300015','53af4926-52ee-41d0-9acc-ae7230400075','53af4926-52ee-41d0-9acc-ae7230500285','2017-03-25 02:17:06'
'Philosophy of Mind',200,'53af4926-52ee-41d0-9acc-ae7230300015','53af4926-52ee-41d0-9acc-ae7230400071','53af4926-52ee-41d0-9acc-ae7230500286','2017-03-25 02:17:06'
'Philosophy of Science',200,'53af4926-52ee-41d0-9acc-ae7230300015','53af4926-52ee-41d0-9acc-ae7230400072','53af4926-52ee-41d0-9acc-ae7230500287','2017-03-25 02:17:06'
'Philosophy of Language',200,'53af4926-52ee-41d0-9acc-ae7230300015','53af4926-52ee-41d0-9acc-ae7230400073','53af4926-52ee-41d0-9acc-ae7230500288','2017-03-25 02:17:06'
'Philosophy of Religion',200,'53af4926-52ee-41d0-9acc-ae7230300015','53af4926-52ee-41d0-9acc-ae7230400074','53af4926-52ee-41d0-9acc-ae7230500289','2017-03-25 02:17:06'
'Political Philosophy',200,'53af4926-52ee-41d0-9acc-ae7230300015','53af4926-52ee-41d0-9acc-ae7230400075','53af4926-52ee-41d0-9acc-ae7230500290','2017-03-25 02:17:06'
'Aesthetics',300,'53af4926-52ee-41d0-9acc-ae7230300015','53af4926-52ee-41d0-9acc-ae7230400071','53af4926-52ee-41d0-9acc-ae7230500291','2017-03-25 02:17:06'
'Existentialism',300,'53af4926-52ee-41d0-9acc-ae7230300015','53af4926-52ee-41d0-9acc-ae7230400072','53af4926-52ee-41d0-9acc-ae7230500292','2017-03-25 02:17:06'
'Eastern Philosophy',300,'53af4926-52ee-41d0-9acc-ae7230300015','53af4926-52ee-41d0-9acc-ae7230400073','53af4926-52ee-41d0-9acc-ae7230500293','2017-03-25 02:17:06'
'Feminist Philosophy',300,'53af4926-52ee-41d0-9acc-ae7230300015','53af4926-52ee-41d0-9acc-ae7230400074','53af4926-52ee-41d0-9acc-ae7230500294','2017-03-25 02:17:06'
'Ethical Theories',300,'53af4926-52ee-41d0-9acc-ae7230300015','53af4926-52ee-41d0-9acc-ae7230400075','53af4926-52ee-41d0-9acc-ae7230500295','2017-03-25 02:17:06'
'Symbolic Logic',400,'53af4926-52ee-41d0-9acc-ae7230300015','53af4926-52ee-41d0-9acc-ae7230400071','53af4926-52ee-41d0-9acc-ae7230500296','2017-03-25 02:17:06'
'Philosophy of Law',400,'53af4926-52ee-41d0-9acc-ae7230300015','53af4926-52ee-41d0-9acc-ae7230400072','53af4926-52ee-41d0-9acc-ae7230500297','2017-03-25 02:17:06'
'Philosophy of Education',400,'53af4926-52ee-41d0-9acc-ae7230300015','53af4926-52ee-41d0-9acc-ae7230400073','53af4926-52ee-41d0-9acc-ae7230500298','2017-03-25 02:17:06'
'Ancient Philosophy',400,'53af4926-52ee-41d0-9acc-ae7230300015','53af4926-52ee-41d0-9acc-ae7230400074','53af4926-52ee-41d0-9acc-ae7230500299','2017-03-25 02:17:06'
'Contemporary Philosophy',400,'53af4926-52ee-41d0-9acc-ae7230300015','53af4926-52ee-41d0-9acc-ae7230400075','53af4926-52ee-41d0-9acc-ae7230500300','2017-03-25 02:17:06'
'Classical Mechanics',100,'53af4926-52ee-41d0-9acc-ae7230300016','53af4926-52ee-41d0-9acc-ae7230400076','53af4926-52ee-41d0-9acc-ae7230500301','2017-03-25 02:17:06'
'Electromagnetism',100,'53af4926-52ee-41d0-9acc-ae7230300016','53af4926-52ee-41d0-9acc-ae7230400077','53af4926-52ee-41d0-9acc-ae7230500302','2017-03-25 02:17:06'
'Quantum Mechanics',100,'53af4926-52ee-41d0-9acc-ae7230300016','53af4926-52ee-41d0-9acc-ae7230400078','53af4926-52ee-41d0-9acc-ae7230500303','2017-03-25 02:17:06'
'Thermodynamics and Statistical Mechanics',100,'53af4926-52ee-41d0-9acc-ae7230300016','53af4926-52ee-41d0-9acc-ae7230400079','53af4926-52ee-41d0-9acc-ae7230500304','2017-03-25 02:17:06'
'Optics',100,'53af4926-52ee-41d0-9acc-ae7230300016','53af4926-52ee-41d0-9acc-ae7230400080','53af4926-52ee-41d0-9acc-ae7230500305','2017-03-25 02:17:06'
'Atomic and Molecular Physics',200,'53af4926-52ee-41d0-9acc-ae7230300016','53af4926-52ee-41d0-9acc-ae7230400076','53af4926-52ee-41d0-9acc-ae7230500306','2017-03-25 02:17:06'
'Nuclear Physics',200,'53af4926-52ee-41d0-9acc-ae7230300016','53af4926-52ee-41d0-9acc-ae7230400077','53af4926-52ee-41d0-9acc-ae7230500307','2017-03-25 02:17:06'
'Solid-State Physics',200,'53af4926-52ee-41d0-9acc-ae7230300016','53af4926-52ee-41d0-9acc-ae7230400078','53af4926-52ee-41d0-9acc-ae7230500308','2017-03-25 02:17:06'
'Astrophysics',200,'53af4926-52ee-41d0-9acc-ae7230300016','53af4926-52ee-41d0-9acc-ae7230400079','53af4926-52ee-41d0-9acc-ae7230500309','2017-03-25 02:17:06'
'Particle Physics',200,'53af4926-52ee-41d0-9acc-ae7230300016','53af4926-52ee-41d0-9acc-ae7230400080','53af4926-52ee-41d0-9acc-ae7230500310','2017-03-25 02:17:06'
'Condensed Matter Physics',300,'53af4926-52ee-41d0-9acc-ae7230300016','53af4926-52ee-41d0-9acc-ae7230400076','53af4926-52ee-41d0-9acc-ae7230500311','2017-03-25 02:17:06'
'Mathematical Methods in Physics',300,'53af4926-52ee-41d0-9acc-ae7230300016','53af4926-52ee-41d0-9acc-ae7230400077','53af4926-52ee-41d0-9acc-ae7230500312','2017-03-25 02:17:06'
'Experimental Physics',300,'53af4926-52ee-41d0-9acc-ae7230300016','53af4926-52ee-41d0-9acc-ae7230400078','53af4926-52ee-41d0-9acc-ae7230500313','2017-03-25 02:17:06'
'Computational Physics',300,'53af4926-52ee-41d0-9acc-ae7230300016','53af4926-52ee-41d0-9acc-ae7230400079','53af4926-52ee-41d0-9acc-ae7230500314','2017-03-25 02:17:06'
'Plasma Physics',300,'53af4926-52ee-41d0-9acc-ae7230300016','53af4926-52ee-41d0-9acc-ae7230400080','53af4926-52ee-41d0-9acc-ae7230500315','2017-03-25 02:17:06'
'Biophysics',400,'53af4926-52ee-41d0-9acc-ae7230300016','53af4926-52ee-41d0-9acc-ae7230400076','53af4926-52ee-41d0-9acc-ae7230500316','2017-03-25 02:17:06'
'Quantum Field Theory',400,'53af4926-52ee-41d0-9acc-ae7230300016','53af4926-52ee-41d0-9acc-ae7230400077','53af4926-52ee-41d0-9acc-ae7230500317','2017-03-25 02:17:06'
'Relativity',400,'53af4926-52ee-41d0-9acc-ae7230300016','53af4926-52ee-41d0-9acc-ae7230400078','53af4926-52ee-41d0-9acc-ae7230500318','2017-03-25 02:17:06'
'Acoustics',400,'53af4926-52ee-41d0-9acc-ae7230300016','53af4926-52ee-41d0-9acc-ae7230400079','53af4926-52ee-41d0-9acc-ae7230500319','2017-03-25 02:17:06'
'Fluid Dynamics',400,'53af4926-52ee-41d0-9acc-ae7230300016','53af4926-52ee-41d0-9acc-ae7230400080','53af4926-52ee-41d0-9acc-ae7230500320','2017-03-25 02:17:06'
'Introduction to Psychology',100,'53af4926-52ee-41d0-9acc-ae7230300017','53af4926-52ee-41d0-9acc-ae7230400081','53af4926-52ee-41d0-9acc-ae7230500321','2017-03-25 02:17:06'
'Research Methods in Psychology',100,'53af4926-52ee-41d0-9acc-ae7230300017','53af4926-52ee-41d0-9acc-ae7230400082','53af4926-52ee-41d0-9acc-ae7230500322','2017-03-25 02:17:06'
'Developmental Psychology',100,'53af4926-52ee-41d0-9acc-ae7230300017','53af4926-52ee-41d0-9acc-ae7230400083','53af4926-52ee-41d0-9acc-ae7230500323','2017-03-25 02:17:06'
'Cognitive Psychology',100,'53af4926-52ee-41d0-9acc-ae7230300017','53af4926-52ee-41d0-9acc-ae7230400084','53af4926-52ee-41d0-9acc-ae7230500324','2017-03-25 02:17:06'
'Social Psychology',100,'53af4926-52ee-41d0-9acc-ae7230300017','53af4926-52ee-41d0-9acc-ae7230400085','53af4926-52ee-41d0-9acc-ae7230500325','2017-03-25 02:17:06'
'Personality Psychology',200,'53af4926-52ee-41d0-9acc-ae7230300017','53af4926-52ee-41d0-9acc-ae7230400081','53af4926-52ee-41d0-9acc-ae7230500326','2017-03-25 02:17:06'
'Abnormal Psychology',200,'53af4926-52ee-41d0-9acc-ae7230300017','53af4926-52ee-41d0-9acc-ae7230400082','53af4926-52ee-41d0-9acc-ae7230500327','2017-03-25 02:17:06'
'Biopsychology',200,'53af4926-52ee-41d0-9acc-ae7230300017','53af4926-52ee-41d0-9acc-ae7230400083','53af4926-52ee-41d0-9acc-ae7230500328','2017-03-25 02:17:06'
'Sensation and Perception',200,'53af4926-52ee-41d0-9acc-ae7230300017','53af4926-52ee-41d0-9acc-ae7230400084','53af4926-52ee-41d0-9acc-ae7230500329','2017-03-25 02:17:06'
'Learning and Memory',200,'53af4926-52ee-41d0-9acc-ae7230300017','53af4926-52ee-41d0-9acc-ae7230400085','53af4926-52ee-41d0-9acc-ae7230500330','2017-03-25 02:17:06'
'Industrial-Organizational Psychology',300,'53af4926-52ee-41d0-9acc-ae7230300017','53af4926-52ee-41d0-9acc-ae7230400081','53af4926-52ee-41d0-9acc-ae7230500331','2017-03-25 02:17:06'
'Health Psychology',300,'53af4926-52ee-41d0-9acc-ae7230300017','53af4926-52ee-41d0-9acc-ae7230400082','53af4926-52ee-41d0-9acc-ae7230500332','2017-03-25 02:17:06'
'Counseling Psychology',300,'53af4926-52ee-41d0-9acc-ae7230300017','53af4926-52ee-41d0-9acc-ae7230400083','53af4926-52ee-41d0-9acc-ae7230500333','2017-03-25 02:17:06'
'Forensic Psychology',300,'53af4926-52ee-41d0-9acc-ae7230300017','53af4926-52ee-41d0-9acc-ae7230400084','53af4926-52ee-41d0-9acc-ae7230500334','2017-03-25 02:17:06'
'Cross-Cultural Psychology',300,'53af4926-52ee-41d0-9acc-ae7230300017','53af4926-52ee-41d0-9acc-ae7230400085','53af4926-52ee-41d0-9acc-ae7230500335','2017-03-25 02:17:06'
'Positive Psychology',400,'53af4926-52ee-41d0-9acc-ae7230300017','53af4926-52ee-41d0-9acc-ae7230400081','53af4926-52ee-41d0-9acc-ae7230500336','2017-03-25 02:17:06'
'Neuropsychology',400,'53af4926-52ee-41d0-9acc-ae7230300017','53af4926-52ee-41d0-9acc-ae7230400082','53af4926-52ee-41d0-9acc-ae7230500337','2017-03-25 02:17:06'
'Educational Psychology',400,'53af4926-52ee-41d0-9acc-ae7230300017','53af4926-52ee-41d0-9acc-ae7230400083','53af4926-52ee-41d0-9acc-ae7230500338','2017-03-25 02:17:06'
'Evolutionary Psychology',400,'53af4926-52ee-41d0-9acc-ae7230300017','53af4926-52ee-41d0-9acc-ae7230400084','53af4926-52ee-41d0-9acc-ae7230500339','2017-03-25 02:17:06'
'Psychological Testing and Assessment',400,'53af4926-52ee-41d0-9acc-ae7230300017','53af4926-52ee-41d0-9acc-ae7230400085','53af4926-52ee-41d0-9acc-ae7230500340','2017-03-25 02:17:06'
'Introduction to Social Sciences',100,'53af4926-52ee-41d0-9acc-ae7230300018','53af4926-52ee-41d0-9acc-ae7230400086','53af4926-52ee-41d0-9acc-ae7230500341','2017-03-25 02:17:06'
'Sociology',100,'53af4926-52ee-41d0-9acc-ae7230300018','53af4926-52ee-41d0-9acc-ae7230400087','53af4926-52ee-41d0-9acc-ae7230500342','2017-03-25 02:17:06'
'Anthropology',100,'53af4926-52ee-41d0-9acc-ae7230300018','53af4926-52ee-41d0-9acc-ae7230400088','53af4926-52ee-41d0-9acc-ae7230500343','2017-03-25 02:17:06'
'Political Science',100,'53af4926-52ee-41d0-9acc-ae7230300018','53af4926-52ee-41d0-9acc-ae7230400089','53af4926-52ee-41d0-9acc-ae7230500344','2017-03-25 02:17:06'
'Economics',100,'53af4926-52ee-41d0-9acc-ae7230300018','53af4926-52ee-41d0-9acc-ae7230400090','53af4926-52ee-41d0-9acc-ae7230500345','2017-03-25 02:17:06'
'Psychology',200,'53af4926-52ee-41d0-9acc-ae7230300018','53af4926-52ee-41d0-9acc-ae7230400086','53af4926-52ee-41d0-9acc-ae7230500346','2017-03-25 02:17:06'
'Geography',200,'53af4926-52ee-41d0-9acc-ae7230300018','53af4926-52ee-41d0-9acc-ae7230400087','53af4926-52ee-41d0-9acc-ae7230500347','2017-03-25 02:17:06'
'History',200,'53af4926-52ee-41d0-9acc-ae7230300018','53af4926-52ee-41d0-9acc-ae7230400088','53af4926-52ee-41d0-9acc-ae7230500348','2017-03-25 02:17:06'
'Cultural Studies',200,'53af4926-52ee-41d0-9acc-ae7230300018','53af4926-52ee-41d0-9acc-ae7230400089','53af4926-52ee-41d0-9acc-ae7230500349','2017-03-25 02:17:06'
'Gender Studies',200,'53af4926-52ee-41d0-9acc-ae7230300018','53af4926-52ee-41d0-9acc-ae7230400090','53af4926-52ee-41d0-9acc-ae7230500350','2017-03-25 02:17:06'
'Media Studies',300,'53af4926-52ee-41d0-9acc-ae7230300018','53af4926-52ee-41d0-9acc-ae7230400086','53af4926-52ee-41d0-9acc-ae7230500351','2017-03-25 02:17:06'
'Social Research Methods',300,'53af4926-52ee-41d0-9acc-ae7230300018','53af4926-52ee-41d0-9acc-ae7230400087','53af4926-52ee-41d0-9acc-ae7230500352','2017-03-25 02:17:06'
'Global Studies',300,'53af4926-52ee-41d0-9acc-ae7230300018','53af4926-52ee-41d0-9acc-ae7230400088','53af4926-52ee-41d0-9acc-ae7230500353','2017-03-25 02:17:06'
'Urban Studies',300,'53af4926-52ee-41d0-9acc-ae7230300018','53af4926-52ee-41d0-9acc-ae7230400089','53af4926-52ee-41d0-9acc-ae7230500354','2017-03-25 02:17:06'
'Ethnic Studies',300,'53af4926-52ee-41d0-9acc-ae7230300018','53af4926-52ee-41d0-9acc-ae7230400090','53af4926-52ee-41d0-9acc-ae7230500355','2017-03-25 02:17:06'
'Development Studies',400,'53af4926-52ee-41d0-9acc-ae7230300018','53af4926-52ee-41d0-9acc-ae7230400086','53af4926-52ee-41d0-9acc-ae7230500356','2017-03-25 02:17:06'
'Environmental Studies',400,'53af4926-52ee-41d0-9acc-ae7230300018','53af4926-52ee-41d0-9acc-ae7230400087','53af4926-52ee-41d0-9acc-ae7230500357','2017-03-25 02:17:06'
'International Relations',400,'53af4926-52ee-41d0-9acc-ae7230300018','53af4926-52ee-41d0-9acc-ae7230400088','53af4926-52ee-41d0-9acc-ae7230500358','2017-03-25 02:17:06'
'Demography',400,'53af4926-52ee-41d0-9acc-ae7230300018','53af4926-52ee-41d0-9acc-ae7230400089','53af4926-52ee-41d0-9acc-ae7230500359','2017-03-25 02:17:06'
'Social Justice Studies',400,'53af4926-52ee-41d0-9acc-ae7230300018','53af4926-52ee-41d0-9acc-ae7230400090','53af4926-52ee-41d0-9acc-ae7230500360','2017-03-25 02:17:06'
'Introduction to Sociology',100,'53af4926-52ee-41d0-9acc-ae7230300019','53af4926-52ee-41d0-9acc-ae7230400091','53af4926-52ee-41d0-9acc-ae7230500361','2017-03-25 02:17:06'
'Sociological Theory',100,'53af4926-52ee-41d0-9acc-ae7230300019','53af4926-52ee-41d0-9acc-ae7230400092','53af4926-52ee-41d0-9acc-ae7230500362','2017-03-25 02:17:06'
'Research Methods in Sociology',100,'53af4926-52ee-41d0-9acc-ae7230300019','53af4926-52ee-41d0-9acc-ae7230400093','53af4926-52ee-41d0-9acc-ae7230500363','2017-03-25 02:17:06'
'Social Stratification',100,'53af4926-52ee-41d0-9acc-ae7230300019','53af4926-52ee-41d0-9acc-ae7230400094','53af4926-52ee-41d0-9acc-ae7230500364','2017-03-25 02:17:06'
'Social Change',100,'53af4926-52ee-41d0-9acc-ae7230300019','53af4926-52ee-41d0-9acc-ae7230400095','53af4926-52ee-41d0-9acc-ae7230500365','2017-03-25 02:17:06'
'Family and Marriage',200,'53af4926-52ee-41d0-9acc-ae7230300019','53af4926-52ee-41d0-9acc-ae7230400091','53af4926-52ee-41d0-9acc-ae7230500366','2017-03-25 02:17:06'
'Gender and Sexuality',200,'53af4926-52ee-41d0-9acc-ae7230300019','53af4926-52ee-41d0-9acc-ae7230400092','53af4926-52ee-41d0-9acc-ae7230500367','2017-03-25 02:17:06'
'Race and Ethnicity',200,'53af4926-52ee-41d0-9acc-ae7230300019','53af4926-52ee-41d0-9acc-ae7230400093','53af4926-52ee-41d0-9acc-ae7230500368','2017-03-25 02:17:06'
'Criminology',200,'53af4926-52ee-41d0-9acc-ae7230300019','53af4926-52ee-41d0-9acc-ae7230400094','53af4926-52ee-41d0-9acc-ae7230500369','2017-03-25 02:17:06'
'Urban Sociology',200,'53af4926-52ee-41d0-9acc-ae7230300019','53af4926-52ee-41d0-9acc-ae7230400095','53af4926-52ee-41d0-9acc-ae7230500370','2017-03-25 02:17:06'
'Medical Sociology',300,'53af4926-52ee-41d0-9acc-ae7230300019','53af4926-52ee-41d0-9acc-ae7230400091','53af4926-52ee-41d0-9acc-ae7230500371','2017-03-25 02:17:06'
'Sociology of Education',300,'53af4926-52ee-41d0-9acc-ae7230300019','53af4926-52ee-41d0-9acc-ae7230400092','53af4926-52ee-41d0-9acc-ae7230500372','2017-03-25 02:17:06'
'Sociology of Work',300,'53af4926-52ee-41d0-9acc-ae7230300019','53af4926-52ee-41d0-9acc-ae7230400093','53af4926-52ee-41d0-9acc-ae7230500373','2017-03-25 02:17:06'
'Social Movements',300,'53af4926-52ee-41d0-9acc-ae7230300019','53af4926-52ee-41d0-9acc-ae7230400094','53af4926-52ee-41d0-9acc-ae7230500374','2017-03-25 02:17:06'
'Global Sociology',300,'53af4926-52ee-41d0-9acc-ae7230300019','53af4926-52ee-41d0-9acc-ae7230400095','53af4926-52ee-41d0-9acc-ae7230500375','2017-03-25 02:17:06'
'Sociology of Religion',400,'53af4926-52ee-41d0-9acc-ae7230300019','53af4926-52ee-41d0-9acc-ae7230400091','53af4926-52ee-41d0-9acc-ae7230500376','2017-03-25 02:17:06'
'Sociology of Media',400,'53af4926-52ee-41d0-9acc-ae7230300019','53af4926-52ee-41d0-9acc-ae7230400092','53af4926-52ee-41d0-9acc-ae7230500377','2017-03-25 02:17:06'
'Environmental Sociology',400,'53af4926-52ee-41d0-9acc-ae7230300019','53af4926-52ee-41d0-9acc-ae7230400093','53af4926-52ee-41d0-9acc-ae7230500378','2017-03-25 02:17:06'
'Social Psychology',400,'53af4926-52ee-41d0-9acc-ae7230300019','53af4926-52ee-41d0-9acc-ae7230400094','53af4926-52ee-41d0-9acc-ae7230500379','2017-03-25 02:17:06'
'Qualitative Data Analysis in Sociology',400,'53af4926-52ee-41d0-9acc-ae7230300019','53af4926-52ee-41d0-9acc-ae7230400095','53af4926-52ee-41d0-9acc-ae7230500380','2017-03-25 02:17:06'
'Drawing',100,'53af4926-52ee-41d0-9acc-ae7230300020','53af4926-52ee-41d0-9acc-ae7230400096','53af4926-52ee-41d0-9acc-ae7230500381','2017-03-25 02:17:06'
'Painting',100,'53af4926-52ee-41d0-9acc-ae7230300020','53af4926-52ee-41d0-9acc-ae7230400097','53af4926-52ee-41d0-9acc-ae7230500382','2017-03-25 02:17:06'
'Sculpture',100,'53af4926-52ee-41d0-9acc-ae7230300020','53af4926-52ee-41d0-9acc-ae7230400098','53af4926-52ee-41d0-9acc-ae7230500383','2017-03-25 02:17:06'
'Photography',100,'53af4926-52ee-41d0-9acc-ae7230300020','53af4926-52ee-41d0-9acc-ae7230400099','53af4926-52ee-41d0-9acc-ae7230500384','2017-03-25 02:17:06'
'Printmaking',100,'53af4926-52ee-41d0-9acc-ae7230300020','53af4926-52ee-41d0-9acc-ae7230400100','53af4926-52ee-41d0-9acc-ae7230500385','2017-03-25 02:17:06'
'Graphic Design',200,'53af4926-52ee-41d0-9acc-ae7230300020','53af4926-52ee-41d0-9acc-ae7230400096','53af4926-52ee-41d0-9acc-ae7230500386','2017-03-25 02:17:06'
'Illustration',200,'53af4926-52ee-41d0-9acc-ae7230300020','53af4926-52ee-41d0-9acc-ae7230400097','53af4926-52ee-41d0-9acc-ae7230500387','2017-03-25 02:17:06'
'Ceramics',200,'53af4926-52ee-41d0-9acc-ae7230300020','53af4926-52ee-41d0-9acc-ae7230400098','53af4926-52ee-41d0-9acc-ae7230500388','2017-03-25 02:17:06'
'Art History',200,'53af4926-52ee-41d0-9acc-ae7230300020','53af4926-52ee-41d0-9acc-ae7230400099','53af4926-52ee-41d0-9acc-ae7230500389','2017-03-25 02:17:06'
'Digital Art',200,'53af4926-52ee-41d0-9acc-ae7230300020','53af4926-52ee-41d0-9acc-ae7230400100','53af4926-52ee-41d0-9acc-ae7230500390','2017-03-25 02:17:06'
'Installation Art',300,'53af4926-52ee-41d0-9acc-ae7230300020','53af4926-52ee-41d0-9acc-ae7230400096','53af4926-52ee-41d0-9acc-ae7230500391','2017-03-25 02:17:06'
'Performance Art',300,'53af4926-52ee-41d0-9acc-ae7230300020','53af4926-52ee-41d0-9acc-ae7230400097','53af4926-52ee-41d0-9acc-ae7230500392','2017-03-25 02:17:06'
'Video Art',300,'53af4926-52ee-41d0-9acc-ae7230300020','53af4926-52ee-41d0-9acc-ae7230400098','53af4926-52ee-41d0-9acc-ae7230500393','2017-03-25 02:17:06'
'Art Criticism',300,'53af4926-52ee-41d0-9acc-ae7230300020','53af4926-52ee-41d0-9acc-ae7230400099','53af4926-52ee-41d0-9acc-ae7230500394','2017-03-25 02:17:06'
'Curatorial Studies',300,'53af4926-52ee-41d0-9acc-ae7230300020','53af4926-52ee-41d0-9acc-ae7230400100','53af4926-52ee-41d0-9acc-ae7230500395','2017-03-25 02:17:06'
'Visual Communication',400,'53af4926-52ee-41d0-9acc-ae7230300020','53af4926-52ee-41d0-9acc-ae7230400096','53af4926-52ee-41d0-9acc-ae7230500396','2017-03-25 02:17:06'
'Mixed Media',400,'53af4926-52ee-41d0-9acc-ae7230300020','53af4926-52ee-41d0-9acc-ae7230400097','53af4926-52ee-41d0-9acc-ae7230500397','2017-03-25 02:17:06'
'Figure Drawing',400,'53af4926-52ee-41d0-9acc-ae7230300020','53af4926-52ee-41d0-9acc-ae7230400098','53af4926-52ee-41d0-9acc-ae7230500398','2017-03-25 02:17:06'
'Art Portfolio Development',400,'53af4926-52ee-41d0-9acc-ae7230300020','53af4926-52ee-41d0-9acc-ae7230400099','53af4926-52ee-41d0-9acc-ae7230500399','2017-03-25 02:17:06'
'Art Conservation and Restoration',400,'53af4926-52ee-41d0-9acc-ae7230300020','53af4926-52ee-41d0-9acc-ae7230400100','53af4926-52ee-41d0-9acc-ae7230500400','2017-03-25 02:17:06'
